Time,Blank,101,102,103,104,105,106,107,108,109,110,111,112,113,114,115,116,117,118,119,120,121,122,123,124,125,126,127,128,129,130,131,132,133,134,135,136,137,138,139,140,141,142,143,144,145,146,147,148,149,150,151,152,153,154,155,156,157,158,159,160,161,162,163,164,165,166,167,168,169,170,171,172,173,174,175,176,177,178,179,180,181,182,183,184,185,186,187,188,189,190,191,192,193,194,195,196,197,198,199,200,201,202,203,204,205,206,207,208,209,210,211,212,213,214,215,216,217,218,219,220,221,222,223,224,225,226,227,228,229,230,231,232,233,234,235,236,237,238,239,240,241,242,243,244,245,246,247,248,249,250
00:04:09,0.000,0.078,0.096,0.097,0.099,0.098,0.091,0.094,0.095,0.098,0.078,0.093,0.095,0.097,0.098,0.090,0.093,0.095,0.098,0.094,0.100,0.105,0.102,0.096,0.099,0.101,0.102,0.093,0.098,0.100,0.102,0.096,0.097,0.098,0.099,0.090,0.092,0.094,0.096,0.093,0.098,0.103,0.103,0.093,0.096,0.099,0.101,0.095,0.098,0.099,0.100,0.097,0.098,0.100,0.104,0.096,0.098,0.098,0.098,0.093,0.099,0.108,0.105,0.099,0.101,0.104,0.104,0.100,0.102,0.105,0.105,0.108,0.108,0.109,0.111,0.104,0.106,0.108,0.107,0.097,0.101,0.111,0.113,0.109,0.107,0.107,0.107,0.099,0.101,0.101,0.103,0.108,0.116,0.111,0.112,0.111,0.101,0.104,0.104,0.106,0.085,0.085,0.091,0.092,0.092,0.092,0.091,0.093,0.094,0.098,0.079,0.094,0.098,0.097,0.098,0.095,0.098,0.102,0.105,0.090,0.099,0.101,0.100,0.090,0.093,0.095,0.097,0.087,0.090,0.091,0.094,0.095,0.096,0.097,0.099,0.092,0.093,0.096,0.098,0.105,0.105,0.113,0.105,0.097,0.098,0.098,0.100,0.091,0.093,0.110,0.098
00:34:09,0.000,0.079,0.098,0.099,0.100,0.100,0.092,0.095,0.096,0.098,0.077,0.095,0.096,0.098,0.099,0.091,0.094,0.095,0.099,0.095,0.101,0.105,0.103,0.096,0.100,0.103,0.103,0.094,0.098,0.100,0.102,0.097,0.098,0.099,0.100,0.091,0.093,0.095,0.097,0.094,0.098,0.104,0.104,0.093,0.096,0.100,0.102,0.096,0.099,0.101,0.101,0.097,0.098,0.101,0.105,0.095,0.098,0.099,0.099,0.093,0.098,0.106,0.106,0.099,0.101,0.104,0.104,0.100,0.102,0.106,0.107,0.107,0.107,0.108,0.110,0.103,0.105,0.108,0.107,0.097,0.100,0.109,0.111,0.106,0.106,0.106,0.105,0.098,0.100,0.100,0.102,0.100,0.112,0.110,0.111,0.111,0.100,0.103,0.104,0.105,0.081,0.082,0.091,0.091,0.091,0.091,0.090,0.092,0.093,0.097,0.077,0.094,0.098,0.097,0.098,0.094,0.098,0.103,0.105,0.089,0.096,0.098,0.100,0.090,0.092,0.095,0.096,0.087,0.091,0.092,0.093,0.095,0.095,0.096,0.098,0.091,0.093,0.096,0.098,0.105,0.103,0.109,0.106,0.097,0.098,0.100,0.101,0.090,0.092,0.110,0.096
01:04:09,0.000,0.078,0.100,0.101,0.103,0.102,0.094,0.097,0.098,0.101,0.077,0.096,0.098,0.101,0.102,0.092,0.097,0.098,0.101,0.097,0.102,0.105,0.106,0.099,0.103,0.106,0.106,0.096,0.101,0.103,0.104,0.098,0.100,0.101,0.102,0.092,0.095,0.097,0.099,0.095,0.100,0.103,0.105,0.095,0.099,0.103,0.105,0.098,0.101,0.103,0.103,0.096,0.099,0.102,0.106,0.097,0.100,0.100,0.101,0.095,0.100,0.106,0.107,0.100,0.103,0.105,0.107,0.100,0.103,0.107,0.107,0.106,0.109,0.109,0.112,0.104,0.108,0.111,0.110,0.099,0.101,0.107,0.112,0.106,0.107,0.107,0.107,0.099,0.101,0.102,0.103,0.094,0.109,0.108,0.110,0.111,0.100,0.103,0.104,0.106,0.082,0.081,0.092,0.092,0.093,0.093,0.091,0.094,0.095,0.099,0.077,0.096,0.101,0.101,0.102,0.097,0.101,0.106,0.106,0.090,0.096,0.098,0.103,0.091,0.094,0.098,0.099,0.090,0.094,0.096,0.095,0.097,0.098,0.099,0.101,0.093,0.096,0.099,0.102,0.106,0.103,0.107,0.108,0.100,0.102,0.106,0.108,0.091,0.095,0.114,0.098
01:34:09,0.000,0.079,0.101,0.103,0.105,0.104,0.096,0.099,0.100,0.102,0.078,0.098,0.101,0.104,0.106,0.095,0.101,0.101,0.104,0.099,0.103,0.107,0.109,0.101,0.105,0.108,0.109,0.098,0.103,0.106,0.106,0.099,0.103,0.104,0.104,0.094,0.096,0.099,0.101,0.097,0.100,0.104,0.108,0.097,0.101,0.105,0.108,0.100,0.104,0.105,0.104,0.098,0.102,0.106,0.110,0.099,0.103,0.103,0.104,0.097,0.101,0.108,0.110,0.103,0.106,0.109,0.110,0.102,0.104,0.109,0.109,0.108,0.112,0.113,0.114,0.106,0.111,0.115,0.116,0.101,0.102,0.109,0.114,0.109,0.109,0.110,0.110,0.101,0.103,0.104,0.105,0.097,0.112,0.110,0.114,0.114,0.102,0.106,0.106,0.107,0.082,0.082,0.092,0.093,0.094,0.094,0.092,0.095,0.097,0.100,0.077,0.098,0.104,0.103,0.105,0.100,0.105,0.111,0.109,0.091,0.097,0.100,0.105,0.092,0.096,0.100,0.101,0.092,0.099,0.101,0.098,0.100,0.100,0.102,0.104,0.096,0.098,0.103,0.106,0.109,0.104,0.111,0.111,0.103,0.109,0.112,0.115,0.094,0.098,0.117,0.101
02:04:09,0.000,0.079,0.103,0.105,0.107,0.106,0.097,0.101,0.102,0.104,0.078,0.099,0.104,0.108,0.110,0.097,0.104,0.104,0.107,0.101,0.104,0.107,0.114,0.103,0.108,0.112,0.113,0.101,0.107,0.109,0.109,0.100,0.106,0.107,0.108,0.096,0.099,0.101,0.104,0.099,0.101,0.104,0.111,0.099,0.104,0.109,0.113,0.103,0.107,0.109,0.106,0.100,0.106,0.110,0.115,0.101,0.106,0.107,0.109,0.099,0.103,0.109,0.115,0.106,0.109,0.113,0.112,0.103,0.106,0.111,0.111,0.110,0.115,0.116,0.116,0.108,0.114,0.122,0.122,0.104,0.103,0.112,0.118,0.111,0.111,0.111,0.112,0.102,0.107,0.107,0.107,0.099,0.115,0.113,0.116,0.116,0.103,0.108,0.109,0.109,0.082,0.082,0.093,0.094,0.094,0.095,0.092,0.095,0.098,0.100,0.077,0.099,0.107,0.105,0.108,0.101,0.108,0.113,0.113,0.092,0.098,0.103,0.107,0.094,0.097,0.100,0.101,0.092,0.102,0.103,0.102,0.102,0.102,0.104,0.106,0.096,0.099,0.105,0.108,0.109,0.106,0.114,0.113,0.105,0.112,0.114,0.119,0.096,0.099,0.118,0.103
02:34:10,0.000,0.079,0.104,0.106,0.109,0.109,0.098,0.103,0.103,0.106,0.078,0.101,0.108,0.111,0.114,0.100,0.107,0.108,0.111,0.104,0.105,0.108,0.118,0.106,0.112,0.116,0.117,0.104,0.110,0.113,0.111,0.103,0.109,0.111,0.113,0.098,0.102,0.105,0.107,0.101,0.102,0.104,0.116,0.102,0.108,0.114,0.118,0.107,0.112,0.113,0.109,0.102,0.110,0.115,0.120,0.105,0.110,0.111,0.113,0.103,0.104,0.111,0.119,0.109,0.112,0.116,0.115,0.104,0.108,0.113,0.113,0.113,0.117,0.119,0.118,0.110,0.117,0.127,0.128,0.107,0.104,0.113,0.122,0.112,0.113,0.113,0.115,0.103,0.110,0.110,0.109,0.101,0.117,0.115,0.118,0.119,0.105,0.110,0.111,0.112,0.082,0.082,0.094,0.095,0.095,0.096,0.093,0.096,0.098,0.101,0.077,0.099,0.108,0.106,0.110,0.101,0.109,0.114,0.114,0.093,0.099,0.105,0.109,0.095,0.098,0.101,0.103,0.093,0.103,0.103,0.103,0.104,0.104,0.106,0.107,0.098,0.101,0.106,0.110,0.110,0.107,0.116,0.114,0.106,0.112,0.115,0.120,0.096,0.100,0.118,0.104
03:04:10,0.000,0.080,0.105,0.108,0.110,0.110,0.098,0.104,0.105,0.108,0.078,0.102,0.112,0.116,0.119,0.102,0.111,0.112,0.117,0.108,0.106,0.109,0.125,0.109,0.117,0.122,0.121,0.107,0.115,0.118,0.115,0.105,0.113,0.117,0.119,0.100,0.106,0.110,0.112,0.104,0.102,0.108,0.122,0.106,0.113,0.121,0.124,0.111,0.118,0.119,0.112,0.105,0.115,0.123,0.127,0.108,0.115,0.117,0.120,0.106,0.106,0.114,0.124,0.111,0.114,0.120,0.115,0.105,0.110,0.115,0.115,0.116,0.120,0.122,0.120,0.111,0.119,0.134,0.136,0.111,0.106,0.116,0.125,0.114,0.114,0.114,0.115,0.105,0.113,0.115,0.112,0.103,0.120,0.118,0.121,0.122,0.107,0.112,0.112,0.116,0.083,0.083,0.095,0.096,0.096,0.096,0.094,0.097,0.099,0.102,0.078,0.101,0.111,0.108,0.111,0.103,0.109,0.116,0.116,0.095,0.101,0.107,0.109,0.096,0.099,0.102,0.104,0.093,0.103,0.104,0.106,0.105,0.106,0.107,0.109,0.099,0.101,0.105,0.109,0.110,0.109,0.117,0.114,0.106,0.109,0.110,0.114,0.095,0.099,0.118,0.105
03:34:10,0.000,0.080,0.106,0.110,0.113,0.112,0.101,0.106,0.108,0.111,0.078,0.105,0.117,0.122,0.124,0.106,0.116,0.117,0.122,0.111,0.108,0.110,0.132,0.114,0.122,0.127,0.127,0.111,0.119,0.123,0.119,0.108,0.118,0.122,0.125,0.104,0.110,0.114,0.116,0.108,0.105,0.109,0.128,0.110,0.118,0.127,0.131,0.116,0.123,0.125,0.116,0.106,0.119,0.126,0.132,0.112,0.119,0.122,0.124,0.110,0.107,0.115,0.129,0.116,0.118,0.123,0.117,0.107,0.112,0.118,0.117,0.117,0.124,0.124,0.122,0.114,0.122,0.138,0.143,0.115,0.107,0.119,0.130,0.117,0.116,0.116,0.117,0.107,0.115,0.118,0.116,0.103,0.123,0.120,0.124,0.126,0.109,0.114,0.116,0.118,0.083,0.084,0.096,0.097,0.097,0.098,0.095,0.099,0.101,0.103,0.078,0.102,0.114,0.108,0.113,0.104,0.110,0.116,0.117,0.095,0.102,0.108,0.110,0.096,0.099,0.103,0.104,0.095,0.102,0.103,0.107,0.107,0.107,0.108,0.110,0.100,0.102,0.106,0.110,0.111,0.109,0.118,0.116,0.107,0.111,0.113,0.116,0.096,0.099,0.118,0.106
04:04:10,0.000,0.080,0.108,0.111,0.115,0.113,0.102,0.107,0.110,0.112,0.078,0.109,0.121,0.127,0.130,0.110,0.121,0.121,0.128,0.115,0.108,0.112,0.138,0.117,0.127,0.132,0.133,0.113,0.123,0.128,0.122,0.110,0.122,0.127,0.131,0.106,0.114,0.119,0.121,0.110,0.106,0.109,0.135,0.114,0.123,0.132,0.138,0.120,0.129,0.131,0.121,0.108,0.125,0.132,0.138,0.114,0.124,0.126,0.130,0.113,0.109,0.115,0.133,0.118,0.119,0.125,0.117,0.108,0.113,0.120,0.119,0.119,0.127,0.127,0.121,0.115,0.123,0.144,0.151,0.119,0.108,0.120,0.132,0.117,0.117,0.117,0.118,0.107,0.118,0.120,0.118,0.103,0.123,0.122,0.126,0.128,0.110,0.115,0.117,0.121,0.083,0.084,0.096,0.097,0.098,0.098,0.095,0.099,0.101,0.104,0.078,0.102,0.114,0.111,0.118,0.104,0.110,0.116,0.116,0.095,0.103,0.109,0.110,0.097,0.100,0.103,0.104,0.095,0.103,0.103,0.106,0.107,0.108,0.108,0.111,0.100,0.103,0.107,0.110,0.111,0.110,0.118,0.116,0.107,0.110,0.111,0.114,0.096,0.100,0.118,0.105
04:34:10,0.000,0.080,0.108,0.111,0.116,0.113,0.102,0.108,0.110,0.116,0.078,0.110,0.125,0.132,0.135,0.112,0.125,0.126,0.134,0.118,0.108,0.117,0.144,0.118,0.132,0.136,0.137,0.116,0.128,0.133,0.126,0.112,0.124,0.130,0.135,0.107,0.116,0.123,0.126,0.113,0.107,0.115,0.140,0.115,0.126,0.139,0.147,0.125,0.135,0.137,0.125,0.112,0.128,0.136,0.142,0.119,0.129,0.133,0.137,0.117,0.110,0.120,0.138,0.120,0.122,0.128,0.119,0.111,0.116,0.123,0.122,0.121,0.129,0.130,0.124,0.117,0.125,0.153,0.161,0.122,0.109,0.121,0.136,0.119,0.119,0.119,0.120,0.109,0.123,0.127,0.122,0.105,0.126,0.124,0.128,0.131,0.111,0.116,0.118,0.126,0.083,0.084,0.097,0.098,0.098,0.099,0.096,0.099,0.103,0.105,0.078,0.103,0.118,0.112,0.120,0.105,0.111,0.117,0.117,0.096,0.104,0.109,0.112,0.097,0.101,0.104,0.106,0.096,0.104,0.105,0.107,0.109,0.109,0.110,0.112,0.101,0.104,0.108,0.112,0.112,0.111,0.119,0.118,0.108,0.112,0.112,0.115,0.097,0.101,0.119,0.106
05:04:10,0.000,0.081,0.110,0.114,0.118,0.117,0.102,0.110,0.112,0.115,0.079,0.109,0.133,0.141,0.143,0.117,0.132,0.133,0.143,0.123,0.108,0.115,0.154,0.121,0.139,0.145,0.144,0.121,0.134,0.140,0.130,0.114,0.130,0.137,0.143,0.112,0.121,0.130,0.132,0.116,0.108,0.114,0.146,0.120,0.133,0.147,0.154,0.130,0.144,0.146,0.131,0.115,0.133,0.142,0.149,0.121,0.133,0.140,0.145,0.121,0.111,0.122,0.142,0.123,0.119,0.130,0.122,0.113,0.118,0.126,0.125,0.120,0.128,0.130,0.126,0.118,0.126,0.158,0.169,0.127,0.112,0.123,0.138,0.121,0.121,0.121,0.122,0.110,0.125,0.130,0.128,0.106,0.129,0.127,0.131,0.134,0.114,0.119,0.121,0.129,0.084,0.085,0.099,0.099,0.100,0.101,0.097,0.103,0.105,0.111,0.078,0.105,0.120,0.114,0.122,0.106,0.112,0.117,0.118,0.096,0.105,0.110,0.113,0.098,0.102,0.105,0.107,0.097,0.104,0.105,0.107,0.110,0.111,0.111,0.114,0.102,0.105,0.109,0.113,0.112,0.112,0.121,0.119,0.109,0.113,0.114,0.116,0.098,0.102,0.120,0.107
05:34:10,0.000,0.081,0.111,0.115,0.117,0.118,0.103,0.111,0.111,0.114,0.079,0.111,0.138,0.148,0.149,0.120,0.138,0.137,0.150,0.126,0.109,0.118,0.160,0.125,0.145,0.151,0.152,0.123,0.140,0.146,0.133,0.113,0.134,0.142,0.152,0.113,0.127,0.135,0.138,0.120,0.108,0.115,0.153,0.123,0.139,0.156,0.161,0.136,0.151,0.154,0.136,0.114,0.137,0.146,0.155,0.125,0.141,0.149,0.153,0.125,0.111,0.124,0.145,0.126,0.123,0.132,0.123,0.115,0.121,0.131,0.128,0.122,0.131,0.133,0.129,0.121,0.128,0.169,0.180,0.132,0.113,0.125,0.140,0.123,0.124,0.124,0.125,0.111,0.128,0.136,0.133,0.107,0.131,0.130,0.136,0.138,0.116,0.122,0.124,0.132,0.084,0.086,0.100,0.100,0.102,0.102,0.098,0.102,0.105,0.111,0.078,0.106,0.124,0.118,0.128,0.107,0.113,0.118,0.120,0.097,0.106,0.111,0.114,0.099,0.102,0.106,0.107,0.097,0.106,0.106,0.109,0.111,0.112,0.113,0.116,0.103,0.106,0.110,0.114,0.113,0.113,0.122,0.120,0.110,0.113,0.115,0.117,0.099,0.103,0.121,0.108
06:04:10,0.000,0.081,0.120,0.121,0.127,0.127,0.104,0.116,0.119,0.119,0.079,0.116,0.146,0.155,0.157,0.125,0.145,0.144,0.157,0.134,0.112,0.120,0.168,0.131,0.153,0.157,0.158,0.129,0.147,0.153,0.142,0.118,0.137,0.149,0.159,0.118,0.133,0.141,0.143,0.124,0.113,0.119,0.160,0.131,0.147,0.163,0.164,0.142,0.156,0.159,0.144,0.118,0.139,0.150,0.161,0.128,0.145,0.153,0.158,0.130,0.113,0.127,0.147,0.131,0.122,0.132,0.126,0.117,0.125,0.135,0.132,0.124,0.134,0.134,0.132,0.124,0.133,0.176,0.187,0.138,0.117,0.128,0.140,0.125,0.127,0.127,0.129,0.113,0.131,0.142,0.139,0.108,0.133,0.133,0.139,0.144,0.119,0.125,0.128,0.135,0.085,0.087,0.101,0.103,0.104,0.105,0.099,0.104,0.108,0.112,0.078,0.107,0.128,0.124,0.133,0.108,0.114,0.120,0.121,0.098,0.107,0.112,0.115,0.099,0.103,0.107,0.109,0.099,0.107,0.108,0.111,0.112,0.113,0.114,0.117,0.104,0.107,0.112,0.116,0.114,0.114,0.124,0.122,0.111,0.115,0.117,0.118,0.100,0.104,0.122,0.109
06:34:10,0.000,0.081,0.121,0.126,0.132,0.129,0.108,0.118,0.121,0.121,0.079,0.120,0.153,0.165,0.165,0.131,0.152,0.149,0.163,0.135,0.117,0.123,0.176,0.132,0.161,0.165,0.167,0.132,0.154,0.160,0.147,0.119,0.143,0.155,0.166,0.122,0.138,0.152,0.151,0.130,0.119,0.120,0.169,0.135,0.152,0.171,0.178,0.149,0.167,0.168,0.147,0.120,0.144,0.155,0.165,0.134,0.151,0.160,0.167,0.135,0.115,0.129,0.153,0.133,0.126,0.135,0.128,0.120,0.129,0.141,0.136,0.127,0.140,0.137,0.135,0.126,0.138,0.185,0.194,0.143,0.121,0.130,0.145,0.127,0.130,0.131,0.131,0.116,0.137,0.150,0.145,0.109,0.136,0.137,0.142,0.152,0.121,0.129,0.131,0.142,0.085,0.087,0.104,0.104,0.105,0.105,0.101,0.104,0.111,0.113,0.079,0.108,0.135,0.131,0.145,0.109,0.116,0.122,0.124,0.099,0.108,0.113,0.117,0.100,0.104,0.108,0.110,0.100,0.109,0.110,0.113,0.114,0.115,0.117,0.120,0.106,0.109,0.114,0.118,0.115,0.115,0.125,0.124,0.113,0.117,0.119,0.121,0.101,0.106,0.123,0.111
07:04:10,0.000,0.084,0.128,0.131,0.137,0.135,0.108,0.122,0.126,0.124,0.078,0.121,0.162,0.173,0.173,0.138,0.160,0.155,0.169,0.137,0.118,0.126,0.182,0.140,0.168,0.173,0.176,0.139,0.160,0.165,0.152,0.126,0.153,0.165,0.177,0.128,0.146,0.158,0.160,0.135,0.119,0.126,0.178,0.143,0.161,0.181,0.188,0.158,0.177,0.181,0.152,0.127,0.155,0.165,0.176,0.135,0.159,0.167,0.179,0.139,0.112,0.136,0.156,0.136,0.129,0.137,0.131,0.124,0.134,0.149,0.142,0.136,0.147,0.138,0.139,0.131,0.143,0.192,0.204,0.149,0.121,0.137,0.150,0.133,0.134,0.135,0.135,0.118,0.144,0.156,0.153,0.118,0.146,0.145,0.151,0.160,0.125,0.133,0.134,0.143,0.084,0.090,0.106,0.106,0.107,0.107,0.102,0.106,0.112,0.115,0.079,0.111,0.139,0.136,0.155,0.111,0.118,0.124,0.125,0.100,0.110,0.118,0.121,0.103,0.106,0.110,0.112,0.102,0.110,0.111,0.114,0.122,0.120,0.121,0.124,0.109,0.111,0.116,0.120,0.118,0.117,0.132,0.128,0.117,0.120,0.121,0.123,0.103,0.107,0.124,0.113
07:34:10,0.000,0.085,0.125,0.133,0.136,0.136,0.112,0.125,0.126,0.127,0.079,0.125,0.168,0.183,0.182,0.143,0.169,0.161,0.183,0.141,0.120,0.132,0.194,0.145,0.179,0.181,0.182,0.146,0.172,0.176,0.157,0.128,0.159,0.173,0.185,0.134,0.155,0.165,0.173,0.138,0.121,0.131,0.186,0.148,0.169,0.191,0.192,0.166,0.188,0.194,0.154,0.129,0.160,0.170,0.180,0.142,0.166,0.175,0.187,0.146,0.118,0.138,0.162,0.141,0.136,0.143,0.133,0.129,0.140,0.157,0.148,0.141,0.153,0.144,0.143,0.136,0.146,0.200,0.212,0.156,0.127,0.140,0.159,0.136,0.137,0.138,0.138,0.121,0.151,0.162,0.159,0.119,0.148,0.148,0.154,0.168,0.129,0.136,0.139,0.152,0.085,0.091,0.107,0.107,0.108,0.107,0.102,0.105,0.113,0.116,0.079,0.112,0.145,0.136,0.158,0.113,0.120,0.126,0.127,0.101,0.111,0.120,0.123,0.104,0.108,0.112,0.114,0.103,0.113,0.114,0.117,0.123,0.121,0.122,0.126,0.110,0.113,0.118,0.122,0.119,0.119,0.133,0.131,0.118,0.123,0.124,0.125,0.104,0.109,0.126,0.115
08:04:10,0.000,0.085,0.122,0.130,0.135,0.135,0.112,0.124,0.127,0.124,0.079,0.124,0.170,0.186,0.186,0.147,0.174,0.165,0.191,0.144,0.119,0.138,0.199,0.145,0.184,0.187,0.184,0.150,0.178,0.182,0.160,0.130,0.164,0.178,0.192,0.140,0.161,0.171,0.179,0.141,0.121,0.134,0.191,0.151,0.174,0.196,0.199,0.172,0.194,0.202,0.159,0.128,0.165,0.176,0.184,0.149,0.172,0.183,0.197,0.150,0.121,0.140,0.168,0.145,0.138,0.145,0.136,0.132,0.147,0.167,0.156,0.143,0.159,0.145,0.146,0.139,0.151,0.205,0.223,0.162,0.127,0.144,0.160,0.139,0.140,0.140,0.141,0.123,0.156,0.170,0.166,0.120,0.153,0.152,0.159,0.175,0.131,0.140,0.142,0.153,0.085,0.090,0.107,0.108,0.108,0.106,0.102,0.108,0.114,0.119,0.079,0.113,0.143,0.138,0.152,0.114,0.121,0.128,0.129,0.102,0.111,0.122,0.125,0.105,0.109,0.113,0.115,0.104,0.114,0.115,0.118,0.125,0.123,0.125,0.128,0.112,0.115,0.119,0.124,0.120,0.120,0.136,0.132,0.119,0.124,0.125,0.126,0.105,0.110,0.127,0.116
08:34:10,0.000,0.082,0.121,0.127,0.135,0.136,0.113,0.124,0.122,0.120,0.079,0.123,0.171,0.189,0.187,0.149,0.180,0.169,0.198,0.149,0.120,0.137,0.198,0.143,0.184,0.190,0.188,0.150,0.185,0.186,0.162,0.126,0.163,0.180,0.194,0.144,0.164,0.180,0.184,0.142,0.122,0.131,0.191,0.149,0.171,0.197,0.207,0.175,0.201,0.204,0.167,0.123,0.166,0.178,0.184,0.156,0.177,0.187,0.204,0.152,0.120,0.138,0.172,0.148,0.131,0.146,0.137,0.135,0.153,0.176,0.163,0.136,0.156,0.146,0.144,0.139,0.151,0.209,0.230,0.165,0.128,0.141,0.161,0.136,0.139,0.139,0.141,0.123,0.160,0.174,0.171,0.114,0.147,0.149,0.157,0.177,0.131,0.141,0.146,0.156,0.086,0.088,0.108,0.109,0.111,0.109,0.105,0.109,0.117,0.121,0.079,0.112,0.145,0.133,0.160,0.114,0.122,0.128,0.129,0.103,0.112,0.120,0.123,0.103,0.108,0.113,0.115,0.104,0.114,0.116,0.119,0.121,0.121,0.123,0.127,0.110,0.114,0.119,0.123,0.120,0.121,0.134,0.131,0.118,0.123,0.124,0.126,0.105,0.110,0.128,0.117
09:04:09,0.000,0.083,0.128,0.132,0.138,0.136,0.116,0.126,0.121,0.123,0.079,0.127,0.180,0.201,0.199,0.156,0.188,0.171,0.207,0.151,0.122,0.141,0.209,0.147,0.193,0.199,0.199,0.158,0.192,0.194,0.167,0.130,0.169,0.185,0.202,0.153,0.173,0.190,0.196,0.151,0.122,0.134,0.200,0.154,0.178,0.202,0.213,0.183,0.212,0.212,0.172,0.127,0.171,0.182,0.183,0.160,0.183,0.194,0.213,0.157,0.122,0.142,0.178,0.149,0.133,0.148,0.143,0.141,0.162,0.186,0.170,0.138,0.161,0.153,0.149,0.145,0.156,0.219,0.237,0.170,0.131,0.145,0.166,0.140,0.143,0.144,0.145,0.128,0.168,0.181,0.177,0.114,0.151,0.153,0.162,0.185,0.135,0.146,0.152,0.160,0.087,0.088,0.108,0.111,0.112,0.111,0.106,0.110,0.119,0.124,0.079,0.113,0.155,0.140,0.165,0.116,0.124,0.131,0.132,0.104,0.114,0.123,0.126,0.105,0.110,0.114,0.117,0.106,0.117,0.119,0.122,0.123,0.122,0.126,0.130,0.112,0.116,0.121,0.127,0.122,0.123,0.138,0.133,0.121,0.125,0.126,0.128,0.106,0.112,0.130,0.119
09:34:09,0.000,0.085,0.142,0.138,0.147,0.143,0.120,0.123,0.121,0.120,0.079,0.127,0.183,0.205,0.205,0.160,0.192,0.174,0.208,0.156,0.121,0.144,0.210,0.155,0.199,0.200,0.202,0.161,0.195,0.190,0.170,0.137,0.177,0.192,0.208,0.158,0.178,0.195,0.198,0.157,0.120,0.139,0.208,0.168,0.189,0.208,0.217,0.185,0.215,0.215,0.180,0.135,0.181,0.190,0.179,0.165,0.192,0.203,0.221,0.158,0.118,0.147,0.186,0.148,0.141,0.155,0.149,0.148,0.176,0.192,0.180,0.150,0.168,0.157,0.156,0.153,0.163,0.232,0.248,0.172,0.126,0.154,0.175,0.149,0.151,0.151,0.153,0.133,0.167,0.182,0.177,0.124,0.164,0.164,0.175,0.193,0.143,0.154,0.159,0.157,0.087,0.091,0.113,0.115,0.116,0.119,0.112,0.115,0.123,0.128,0.079,0.119,0.156,0.155,0.169,0.120,0.128,0.135,0.137,0.106,0.116,0.130,0.132,0.109,0.113,0.118,0.121,0.108,0.120,0.122,0.125,0.131,0.129,0.132,0.136,0.116,0.120,0.126,0.130,0.125,0.126,0.145,0.140,0.126,0.132,0.134,0.134,0.110,0.115,0.132,0.123
10:04:09,0.000,0.083,0.132,0.135,0.142,0.147,0.121,0.125,0.129,0.122,0.079,0.136,0.183,0.211,0.208,0.163,0.198,0.180,0.216,0.168,0.122,0.145,0.214,0.154,0.205,0.209,0.210,0.166,0.203,0.202,0.178,0.136,0.185,0.197,0.214,0.162,0.184,0.206,0.211,0.164,0.122,0.137,0.199,0.169,0.196,0.213,0.224,0.192,0.222,0.223,0.189,0.131,0.183,0.192,0.179,0.161,0.196,0.211,0.234,0.162,0.120,0.146,0.179,0.142,0.140,0.157,0.154,0.154,0.192,0.214,0.190,0.145,0.162,0.155,0.159,0.153,0.166,0.234,0.253,0.177,0.129,0.151,0.171,0.146,0.152,0.154,0.159,0.134,0.167,0.185,0.180,0.115,0.159,0.161,0.171,0.193,0.142,0.155,0.162,0.160,0.087,0.088,0.112,0.119,0.118,0.122,0.111,0.118,0.119,0.141,0.079,0.117,0.155,0.159,0.167,0.118,0.128,0.135,0.137,0.106,0.117,0.128,0.131,0.107,0.112,0.118,0.120,0.109,0.120,0.123,0.126,0.126,0.126,0.130,0.135,0.114,0.119,0.125,0.131,0.125,0.127,0.143,0.139,0.123,0.129,0.130,0.132,0.110,0.115,0.134,0.123
10:34:09,0.000,0.086,0.136,0.132,0.137,0.140,0.123,0.122,0.128,0.119,0.079,0.131,0.185,0.214,0.208,0.168,0.205,0.184,0.221,0.169,0.123,0.156,0.220,0.165,0.210,0.214,0.219,0.168,0.205,0.206,0.179,0.142,0.193,0.202,0.220,0.167,0.184,0.215,0.218,0.164,0.121,0.147,0.197,0.177,0.198,0.218,0.229,0.194,0.228,0.233,0.190,0.137,0.185,0.199,0.180,0.165,0.202,0.216,0.238,0.164,0.119,0.154,0.186,0.145,0.145,0.159,0.159,0.162,0.196,0.215,0.199,0.154,0.163,0.162,0.163,0.160,0.172,0.243,0.253,0.184,0.133,0.161,0.177,0.154,0.157,0.159,0.162,0.139,0.177,0.194,0.183,0.125,0.170,0.175,0.182,0.207,0.150,0.162,0.167,0.162,0.088,0.092,0.114,0.123,0.122,0.131,0.120,0.121,0.133,0.139,0.079,0.120,0.170,0.160,0.191,0.121,0.131,0.138,0.139,0.108,0.118,0.134,0.135,0.110,0.114,0.120,0.123,0.110,0.121,0.124,0.127,0.133,0.132,0.134,0.138,0.117,0.122,0.128,0.133,0.127,0.129,0.152,0.144,0.126,0.133,0.135,0.136,0.111,0.117,0.135,0.125
11:04:09,0.000,0.086,0.136,0.131,0.132,0.139,0.127,0.128,0.127,0.124,0.079,0.136,0.188,0.218,0.217,0.171,0.209,0.190,0.230,0.177,0.129,0.162,0.221,0.166,0.218,0.220,0.228,0.174,0.207,0.216,0.180,0.146,0.195,0.207,0.229,0.172,0.193,0.226,0.223,0.172,0.127,0.150,0.200,0.177,0.204,0.228,0.236,0.200,0.237,0.241,0.190,0.141,0.187,0.206,0.181,0.169,0.210,0.224,0.248,0.165,0.124,0.158,0.195,0.154,0.150,0.164,0.164,0.170,0.209,0.230,0.203,0.159,0.170,0.170,0.169,0.168,0.183,0.253,0.268,0.186,0.141,0.167,0.189,0.160,0.165,0.168,0.173,0.145,0.178,0.205,0.188,0.126,0.178,0.185,0.195,0.227,0.159,0.176,0.181,0.175,0.088,0.092,0.117,0.123,0.125,0.134,0.117,0.123,0.129,0.145,0.079,0.122,0.163,0.154,0.183,0.124,0.135,0.143,0.145,0.110,0.121,0.137,0.139,0.112,0.117,0.123,0.127,0.113,0.125,0.128,0.132,0.137,0.135,0.138,0.143,0.120,0.125,0.131,0.137,0.130,0.133,0.155,0.148,0.129,0.136,0.138,0.138,0.114,0.121,0.138,0.129
11:34:09,0.000,0.087,0.140,0.135,0.133,0.140,0.129,0.123,0.125,0.126,0.079,0.139,0.192,0.222,0.222,0.177,0.215,0.193,0.239,0.177,0.129,0.166,0.221,0.176,0.228,0.225,0.234,0.177,0.215,0.223,0.174,0.148,0.199,0.214,0.237,0.180,0.200,0.233,0.234,0.176,0.125,0.153,0.203,0.181,0.209,0.234,0.243,0.209,0.244,0.252,0.187,0.142,0.192,0.214,0.179,0.183,0.218,0.236,0.257,0.167,0.125,0.161,0.200,0.161,0.154,0.172,0.169,0.180,0.216,0.236,0.217,0.163,0.172,0.175,0.175,0.175,0.191,0.262,0.277,0.193,0.142,0.170,0.198,0.163,0.167,0.169,0.175,0.154,0.188,0.212,0.192,0.126,0.181,0.189,0.204,0.233,0.165,0.179,0.184,0.175,0.088,0.093,0.117,0.125,0.125,0.131,0.115,0.122,0.127,0.146,0.079,0.124,0.164,0.171,0.195,0.126,0.137,0.145,0.147,0.111,0.123,0.140,0.141,0.113,0.118,0.125,0.128,0.113,0.127,0.130,0.134,0.139,0.136,0.140,0.145,0.122,0.127,0.133,0.140,0.132,0.135,0.158,0.150,0.131,0.137,0.138,0.139,0.115,0.122,0.139,0.130
12:04:09,0.000,0.087,0.137,0.133,0.134,0.135,0.133,0.122,0.132,0.124,0.079,0.142,0.189,0.225,0.226,0.181,0.224,0.197,0.241,0.176,0.129,0.160,0.224,0.182,0.228,0.227,0.241,0.185,0.220,0.226,0.177,0.155,0.205,0.214,0.235,0.185,0.208,0.234,0.239,0.179,0.124,0.151,0.206,0.187,0.211,0.233,0.246,0.214,0.249,0.258,0.186,0.146,0.192,0.217,0.182,0.194,0.221,0.243,0.265,0.168,0.125,0.162,0.206,0.158,0.157,0.177,0.178,0.192,0.232,0.251,0.222,0.166,0.175,0.180,0.180,0.185,0.205,0.270,0.283,0.195,0.142,0.172,0.206,0.169,0.176,0.178,0.185,0.162,0.198,0.211,0.194,0.127,0.187,0.196,0.212,0.237,0.170,0.190,0.196,0.179,0.089,0.093,0.118,0.127,0.126,0.140,0.125,0.123,0.130,0.147,0.079,0.126,0.176,0.159,0.214,0.130,0.143,0.152,0.154,0.113,0.126,0.144,0.147,0.116,0.122,0.129,0.131,0.116,0.132,0.134,0.138,0.140,0.140,0.144,0.150,0.124,0.130,0.137,0.143,0.134,0.138,0.161,0.154,0.131,0.140,0.148,0.148,0.118,0.126,0.144,0.135
12:34:09,0.000,0.087,0.142,0.134,0.133,0.138,0.133,0.125,0.128,0.125,0.079,0.141,0.181,0.227,0.227,0.181,0.230,0.196,0.244,0.175,0.132,0.166,0.223,0.172,0.231,0.230,0.247,0.189,0.229,0.233,0.177,0.150,0.198,0.215,0.243,0.187,0.215,0.244,0.243,0.182,0.127,0.158,0.195,0.188,0.211,0.235,0.251,0.215,0.259,0.265,0.179,0.147,0.187,0.208,0.178,0.193,0.220,0.246,0.277,0.169,0.128,0.166,0.205,0.159,0.159,0.191,0.175,0.198,0.237,0.255,0.233,0.168,0.180,0.184,0.182,0.190,0.216,0.270,0.287,0.200,0.142,0.178,0.211,0.169,0.179,0.177,0.184,0.161,0.203,0.217,0.189,0.129,0.189,0.194,0.221,0.249,0.175,0.191,0.196,0.187,0.089,0.093,0.120,0.124,0.129,0.148,0.126,0.141,0.141,0.144,0.079,0.126,0.181,0.172,0.193,0.129,0.141,0.150,0.151,0.114,0.127,0.146,0.146,0.115,0.121,0.128,0.132,0.116,0.129,0.133,0.137,0.141,0.139,0.142,0.148,0.124,0.129,0.136,0.142,0.134,0.140,0.164,0.154,0.131,0.138,0.139,0.141,0.117,0.125,0.142,0.133
13:04:09,0.000,0.087,0.142,0.136,0.138,0.142,0.138,0.128,0.133,0.129,0.079,0.144,0.189,0.229,0.230,0.186,0.236,0.205,0.249,0.185,0.137,0.165,0.231,0.182,0.240,0.239,0.254,0.195,0.237,0.236,0.178,0.155,0.208,0.225,0.253,0.196,0.225,0.248,0.258,0.190,0.129,0.155,0.201,0.195,0.220,0.243,0.264,0.225,0.268,0.273,0.188,0.150,0.188,0.210,0.191,0.205,0.228,0.260,0.289,0.172,0.127,0.165,0.207,0.161,0.164,0.196,0.182,0.213,0.255,0.269,0.242,0.169,0.188,0.191,0.188,0.193,0.225,0.286,0.297,0.208,0.144,0.178,0.214,0.172,0.188,0.186,0.194,0.168,0.210,0.221,0.188,0.129,0.194,0.197,0.222,0.250,0.178,0.198,0.207,0.190,0.090,0.094,0.123,0.129,0.130,0.138,0.122,0.141,0.139,0.141,0.079,0.130,0.172,0.188,0.244,0.135,0.151,0.160,0.161,0.117,0.130,0.150,0.152,0.119,0.126,0.135,0.139,0.120,0.137,0.141,0.143,0.144,0.144,0.150,0.156,0.128,0.135,0.142,0.149,0.139,0.144,0.167,0.158,0.134,0.143,0.150,0.154,0.122,0.132,0.149,0.141
13:34:09,0.000,0.087,0.149,0.137,0.140,0.144,0.138,0.127,0.131,0.130,0.079,0.147,0.188,0.231,0.232,0.187,0.230,0.204,0.255,0.192,0.136,0.168,0.228,0.180,0.242,0.232,0.239,0.191,0.234,0.233,0.180,0.155,0.213,0.229,0.258,0.201,0.227,0.256,0.267,0.186,0.128,0.162,0.191,0.195,0.219,0.245,0.260,0.224,0.270,0.274,0.191,0.151,0.183,0.202,0.186,0.204,0.226,0.268,0.297,0.173,0.129,0.168,0.213,0.163,0.167,0.196,0.181,0.219,0.267,0.280,0.250,0.170,0.185,0.185,0.185,0.197,0.224,0.283,0.288,0.210,0.145,0.182,0.211,0.174,0.185,0.183,0.192,0.167,0.207,0.222,0.187,0.129,0.194,0.197,0.219,0.254,0.173,0.192,0.201,0.191,0.090,0.094,0.124,0.127,0.131,0.136,0.127,0.135,0.135,0.150,0.079,0.132,0.165,0.199,0.201,0.134,0.147,0.156,0.157,0.118,0.131,0.154,0.152,0.119,0.125,0.134,0.138,0.120,0.136,0.138,0.143,0.145,0.146,0.150,0.157,0.129,0.135,0.141,0.148,0.139,0.146,0.172,0.160,0.135,0.142,0.146,0.146,0.121,0.131,0.148,0.139
14:04:09,0.000,0.085,0.152,0.138,0.144,0.149,0.140,0.129,0.135,0.134,0.080,0.148,0.184,0.229,0.226,0.194,0.231,0.203,0.257,0.192,0.141,0.171,0.225,0.183,0.245,0.231,0.244,0.192,0.235,0.228,0.183,0.158,0.214,0.231,0.259,0.204,0.225,0.261,0.267,0.191,0.133,0.159,0.184,0.199,0.217,0.242,0.250,0.225,0.268,0.271,0.197,0.151,0.187,0.208,0.186,0.214,0.229,0.269,0.295,0.179,0.135,0.166,0.223,0.167,0.173,0.203,0.184,0.228,0.268,0.282,0.258,0.170,0.189,0.195,0.187,0.196,0.226,0.290,0.279,0.210,0.149,0.186,0.219,0.173,0.188,0.187,0.198,0.170,0.215,0.224,0.191,0.121,0.192,0.198,0.222,0.264,0.181,0.199,0.210,0.205,0.090,0.091,0.124,0.127,0.132,0.140,0.130,0.136,0.140,0.146,0.079,0.129,0.192,0.178,0.230,0.136,0.152,0.162,0.162,0.119,0.133,0.149,0.156,0.118,0.126,0.136,0.140,0.120,0.138,0.143,0.146,0.140,0.144,0.149,0.156,0.127,0.135,0.142,0.150,0.140,0.145,0.167,0.158,0.133,0.140,0.147,0.150,0.122,0.132,0.151,0.142
14:34:09,0.000,0.088,0.160,0.140,0.145,0.151,0.143,0.127,0.137,0.135,0.079,0.155,0.184,0.235,0.231,0.200,0.236,0.201,0.266,0.183,0.140,0.183,0.226,0.170,0.251,0.231,0.255,0.202,0.242,0.232,0.178,0.162,0.216,0.239,0.268,0.213,0.238,0.272,0.278,0.190,0.135,0.169,0.189,0.204,0.225,0.251,0.256,0.232,0.275,0.278,0.198,0.161,0.183,0.212,0.190,0.220,0.230,0.282,0.305,0.184,0.134,0.177,0.234,0.172,0.178,0.211,0.186,0.239,0.277,0.296,0.266,0.181,0.196,0.207,0.197,0.207,0.234,0.292,0.293,0.212,0.152,0.193,0.227,0.185,0.197,0.195,0.206,0.178,0.222,0.235,0.195,0.129,0.203,0.211,0.232,0.271,0.188,0.204,0.215,0.208,0.091,0.095,0.129,0.132,0.138,0.144,0.137,0.150,0.144,0.152,0.080,0.136,0.215,0.213,0.222,0.140,0.156,0.163,0.164,0.121,0.135,0.159,0.163,0.123,0.130,0.140,0.144,0.123,0.140,0.145,0.148,0.147,0.150,0.155,0.161,0.131,0.138,0.146,0.154,0.144,0.147,0.174,0.166,0.139,0.144,0.151,0.151,0.125,0.134,0.152,0.143
15:04:09,0.000,0.089,0.156,0.142,0.145,0.153,0.144,0.128,0.143,0.140,0.080,0.155,0.182,0.227,0.226,0.184,0.235,0.195,0.265,0.181,0.144,0.185,0.228,0.169,0.250,0.228,0.249,0.199,0.243,0.230,0.177,0.164,0.209,0.235,0.268,0.205,0.240,0.271,0.277,0.185,0.135,0.171,0.188,0.207,0.226,0.250,0.254,0.231,0.275,0.280,0.193,0.165,0.179,0.204,0.189,0.210,0.228,0.285,0.310,0.185,0.138,0.180,0.240,0.173,0.177,0.213,0.184,0.240,0.282,0.303,0.268,0.185,0.192,0.214,0.197,0.203,0.227,0.289,0.296,0.213,0.155,0.191,0.225,0.183,0.192,0.192,0.202,0.176,0.223,0.240,0.194,0.132,0.204,0.210,0.229,0.275,0.185,0.199,0.209,0.205,0.091,0.096,0.131,0.134,0.140,0.148,0.142,0.155,0.146,0.161,0.080,0.137,0.194,0.191,0.237,0.141,0.155,0.164,0.166,0.123,0.140,0.163,0.161,0.124,0.130,0.140,0.146,0.124,0.140,0.145,0.149,0.149,0.151,0.155,0.161,0.132,0.138,0.146,0.153,0.144,0.151,0.180,0.167,0.140,0.146,0.150,0.149,0.125,0.134,0.152,0.143
15:34:09,0.000,0.089,0.158,0.146,0.149,0.157,0.146,0.131,0.148,0.143,0.080,0.156,0.182,0.222,0.217,0.179,0.232,0.192,0.261,0.180,0.146,0.189,0.226,0.157,0.247,0.221,0.245,0.191,0.244,0.230,0.174,0.167,0.203,0.227,0.267,0.199,0.240,0.267,0.274,0.181,0.136,0.175,0.182,0.205,0.220,0.246,0.250,0.227,0.273,0.277,0.187,0.167,0.182,0.203,0.188,0.213,0.224,0.286,0.314,0.184,0.140,0.189,0.233,0.172,0.177,0.209,0.182,0.247,0.288,0.312,0.276,0.188,0.195,0.223,0.199,0.199,0.221,0.284,0.295,0.210,0.159,0.195,0.223,0.183,0.190,0.195,0.201,0.175,0.220,0.240,0.192,0.133,0.207,0.213,0.227,0.273,0.191,0.201,0.209,0.205,0.091,0.096,0.133,0.135,0.141,0.141,0.137,0.147,0.146,0.154,0.080,0.140,0.200,0.183,0.242,0.143,0.157,0.165,0.169,0.124,0.142,0.167,0.165,0.125,0.132,0.143,0.148,0.125,0.142,0.147,0.151,0.152,0.152,0.157,0.164,0.134,0.140,0.147,0.155,0.146,0.152,0.180,0.169,0.138,0.150,0.153,0.150,0.126,0.135,0.153,0.145
16:04:10,0.000,0.085,0.161,0.149,0.152,0.164,0.151,0.133,0.148,0.144,0.080,0.160,0.185,0.227,0.220,0.192,0.230,0.197,0.268,0.182,0.150,0.190,0.233,0.164,0.252,0.223,0.250,0.195,0.254,0.235,0.177,0.170,0.205,0.229,0.275,0.203,0.248,0.277,0.276,0.184,0.139,0.173,0.184,0.203,0.221,0.249,0.250,0.231,0.275,0.276,0.185,0.166,0.182,0.199,0.194,0.212,0.224,0.292,0.325,0.184,0.142,0.182,0.232,0.173,0.184,0.211,0.185,0.266,0.297,0.320,0.281,0.186,0.194,0.227,0.204,0.204,0.226,0.290,0.292,0.210,0.165,0.198,0.229,0.188,0.197,0.202,0.209,0.181,0.224,0.243,0.195,0.123,0.205,0.213,0.227,0.280,0.194,0.207,0.217,0.213,0.092,0.092,0.133,0.136,0.142,0.145,0.136,0.145,0.149,0.157,0.080,0.139,0.207,0.217,0.253,0.147,0.164,0.173,0.177,0.128,0.141,0.164,0.167,0.127,0.138,0.146,0.153,0.127,0.146,0.154,0.155,0.147,0.150,0.161,0.164,0.135,0.142,0.150,0.158,0.147,0.152,0.177,0.169,0.141,0.151,0.157,0.152,0.130,0.138,0.158,0.147
16:34:09,0.000,0.086,0.166,0.146,0.148,0.162,0.149,0.129,0.144,0.142,0.079,0.167,0.143,0.153,0.148,0.134,0.180,0.137,0.203,0.149,0.161,0.200,0.230,0.162,0.209,0.208,0.232,0.187,0.238,0.246,0.159,0.172,0.201,0.226,0.253,0.191,0.220,0.254,0.210,0.152,0.143,0.183,0.188,0.182,0.213,0.230,0.237,0.214,0.246,0.225,0.162,0.164,0.176,0.201,0.187,0.194,0.205,0.238,0.260,0.156,0.154,0.184,0.199,0.177,0.189,0.208,0.183,0.222,0.246,0.263,0.250,0.182,0.198,0.213,0.201,0.205,0.227,0.267,0.261,0.186,0.172,0.199,0.216,0.191,0.195,0.192,0.201,0.181,0.210,0.204,0.179,0.114,0.188,0.192,0.203,0.237,0.177,0.185,0.197,0.201,0.085,0.091,0.130,0.133,0.140,0.137,0.131,0.136,0.144,0.149,0.079,0.136,0.155,0.152,0.162,0.144,0.151,0.172,0.172,0.130,0.148,0.164,0.163,0.125,0.135,0.144,0.150,0.126,0.143,0.151,0.154,0.140,0.143,0.153,0.160,0.129,0.138,0.145,0.154,0.146,0.155,0.175,0.163,0.133,0.144,0.144,0.142,0.127,0.137,0.159,0.152
17:04:09,0.000,0.086,0.172,0.155,0.160,0.176,0.158,0.137,0.156,0.152,0.079,0.176,0.182,0.185,0.191,0.153,0.181,0.189,0.202,0.152,0.167,0.209,0.193,0.181,0.216,0.224,0.220,0.171,0.231,0.231,0.159,0.179,0.201,0.220,0.243,0.183,0.203,0.235,0.201,0.154,0.149,0.189,0.188,0.182,0.200,0.220,0.229,0.204,0.232,0.216,0.163,0.167,0.176,0.195,0.186,0.189,0.198,0.227,0.251,0.152,0.156,0.189,0.191,0.176,0.190,0.207,0.180,0.265,0.281,0.308,0.266,0.191,0.208,0.220,0.210,0.220,0.237,0.263,0.249,0.182,0.183,0.208,0.224,0.202,0.207,0.201,0.208,0.194,0.218,0.208,0.187,0.113,0.196,0.202,0.217,0.248,0.190,0.197,0.217,0.219,0.085,0.090,0.133,0.137,0.144,0.143,0.135,0.144,0.150,0.156,0.079,0.138,0.161,0.161,0.176,0.140,0.153,0.169,0.171,0.128,0.151,0.169,0.159,0.118,0.127,0.139,0.146,0.120,0.135,0.142,0.147,0.132,0.135,0.141,0.149,0.118,0.126,0.135,0.145,0.142,0.156,0.179,0.160,0.129,0.135,0.145,0.146,0.129,0.141,0.161,0.151
17:34:09,0.000,0.086,0.179,0.158,0.162,0.178,0.165,0.140,0.158,0.154,0.079,0.180,0.192,0.193,0.212,0.166,0.178,0.194,0.199,0.151,0.168,0.218,0.179,0.170,0.201,0.198,0.201,0.163,0.201,0.187,0.161,0.183,0.175,0.177,0.207,0.172,0.194,0.225,0.186,0.152,0.153,0.202,0.191,0.159,0.175,0.204,0.217,0.193,0.228,0.213,0.157,0.172,0.179,0.199,0.195,0.198,0.202,0.226,0.243,0.153,0.158,0.202,0.193,0.180,0.197,0.209,0.176,0.281,0.287,0.313,0.276,0.197,0.215,0.223,0.214,0.228,0.242,0.263,0.258,0.190,0.190,0.216,0.226,0.207,0.211,0.205,0.213,0.202,0.221,0.211,0.191,0.113,0.207,0.216,0.231,0.256,0.205,0.211,0.237,0.234,0.085,0.090,0.135,0.139,0.147,0.148,0.138,0.148,0.155,0.160,0.079,0.140,0.162,0.160,0.175,0.133,0.149,0.166,0.171,0.123,0.150,0.171,0.154,0.113,0.121,0.132,0.139,0.117,0.130,0.136,0.142,0.129,0.130,0.136,0.144,0.114,0.122,0.131,0.140,0.139,0.158,0.182,0.158,0.126,0.134,0.142,0.144,0.127,0.139,0.160,0.151
18:04:09,0.000,0.087,0.182,0.162,0.164,0.181,0.168,0.143,0.160,0.158,0.079,0.180,0.183,0.191,0.208,0.165,0.173,0.187,0.194,0.146,0.171,0.224,0.178,0.162,0.184,0.181,0.189,0.155,0.176,0.171,0.157,0.184,0.169,0.166,0.182,0.156,0.169,0.201,0.174,0.153,0.158,0.206,0.191,0.154,0.168,0.186,0.206,0.173,0.208,0.183,0.158,0.172,0.177,0.197,0.194,0.196,0.200,0.222,0.236,0.151,0.163,0.204,0.190,0.178,0.196,0.205,0.171,0.267,0.277,0.297,0.269,0.199,0.217,0.222,0.213,0.228,0.240,0.254,0.247,0.188,0.193,0.221,0.224,0.206,0.212,0.205,0.212,0.203,0.215,0.205,0.189,0.115,0.214,0.224,0.238,0.261,0.216,0.218,0.246,0.239,0.084,0.091,0.135,0.138,0.147,0.147,0.138,0.149,0.153,0.159,0.079,0.139,0.161,0.155,0.173,0.128,0.144,0.162,0.168,0.120,0.146,0.170,0.150,0.110,0.117,0.127,0.135,0.114,0.125,0.130,0.136,0.126,0.126,0.131,0.139,0.111,0.118,0.126,0.134,0.135,0.156,0.182,0.154,0.124,0.130,0.137,0.140,0.124,0.136,0.157,0.149
18:34:09,0.000,0.087,0.183,0.161,0.162,0.179,0.169,0.141,0.157,0.155,0.079,0.178,0.171,0.187,0.197,0.159,0.165,0.184,0.185,0.142,0.175,0.227,0.174,0.159,0.178,0.173,0.183,0.150,0.160,0.162,0.153,0.188,0.168,0.163,0.174,0.152,0.161,0.181,0.165,0.150,0.159,0.209,0.192,0.153,0.170,0.183,0.193,0.164,0.178,0.166,0.156,0.172,0.174,0.193,0.194,0.192,0.194,0.219,0.230,0.146,0.162,0.204,0.186,0.174,0.194,0.202,0.164,0.258,0.268,0.284,0.264,0.200,0.213,0.221,0.213,0.228,0.241,0.247,0.235,0.186,0.193,0.219,0.222,0.204,0.208,0.205,0.210,0.204,0.211,0.196,0.185,0.115,0.217,0.226,0.241,0.265,0.219,0.224,0.250,0.239,0.084,0.093,0.135,0.137,0.146,0.147,0.138,0.149,0.155,0.159,0.079,0.138,0.157,0.152,0.171,0.123,0.138,0.157,0.164,0.116,0.143,0.166,0.146,0.107,0.113,0.123,0.131,0.110,0.119,0.124,0.130,0.123,0.121,0.126,0.134,0.107,0.113,0.121,0.128,0.129,0.152,0.179,0.147,0.121,0.127,0.133,0.135,0.120,0.131,0.152,0.144
19:04:09,0.000,0.088,0.181,0.160,0.160,0.178,0.166,0.140,0.155,0.153,0.079,0.173,0.162,0.178,0.182,0.145,0.156,0.171,0.176,0.135,0.175,0.228,0.168,0.157,0.173,0.169,0.179,0.145,0.154,0.156,0.148,0.190,0.165,0.162,0.170,0.148,0.154,0.173,0.163,0.146,0.159,0.209,0.192,0.150,0.165,0.178,0.188,0.159,0.168,0.158,0.152,0.168,0.169,0.187,0.190,0.184,0.187,0.208,0.221,0.140,0.159,0.201,0.179,0.168,0.189,0.197,0.157,0.251,0.260,0.274,0.252,0.196,0.206,0.214,0.209,0.220,0.235,0.235,0.224,0.176,0.192,0.215,0.214,0.196,0.202,0.200,0.205,0.197,0.199,0.184,0.179,0.116,0.212,0.221,0.234,0.263,0.209,0.222,0.246,0.235,0.085,0.094,0.134,0.136,0.144,0.146,0.138,0.149,0.155,0.160,0.079,0.137,0.150,0.147,0.164,0.120,0.133,0.152,0.160,0.114,0.139,0.163,0.142,0.106,0.111,0.120,0.127,0.108,0.116,0.120,0.126,0.121,0.118,0.122,0.129,0.105,0.110,0.117,0.124,0.124,0.149,0.175,0.140,0.120,0.124,0.130,0.131,0.117,0.127,0.149,0.141
19:34:09,0.000,0.090,0.176,0.156,0.155,0.169,0.162,0.137,0.152,0.154,0.079,0.167,0.153,0.172,0.171,0.141,0.149,0.162,0.168,0.129,0.175,0.229,0.167,0.152,0.171,0.165,0.174,0.139,0.149,0.148,0.142,0.190,0.160,0.157,0.166,0.144,0.150,0.165,0.157,0.140,0.161,0.207,0.192,0.145,0.159,0.172,0.184,0.154,0.160,0.150,0.148,0.163,0.162,0.178,0.181,0.177,0.181,0.201,0.213,0.134,0.157,0.199,0.169,0.162,0.181,0.189,0.152,0.244,0.250,0.262,0.247,0.190,0.199,0.204,0.201,0.209,0.226,0.226,0.217,0.170,0.186,0.209,0.204,0.187,0.191,0.191,0.197,0.184,0.190,0.175,0.168,0.117,0.205,0.214,0.225,0.255,0.199,0.215,0.237,0.224,0.085,0.095,0.131,0.135,0.143,0.145,0.134,0.143,0.152,0.156,0.080,0.137,0.144,0.141,0.156,0.118,0.130,0.146,0.153,0.112,0.135,0.158,0.136,0.105,0.109,0.117,0.122,0.105,0.112,0.116,0.121,0.120,0.115,0.118,0.125,0.103,0.108,0.114,0.119,0.120,0.145,0.169,0.133,0.117,0.121,0.128,0.127,0.114,0.123,0.144,0.137
20:04:09,0.000,0.090,0.172,0.152,0.153,0.166,0.157,0.135,0.154,0.153,0.079,0.160,0.148,0.164,0.166,0.134,0.145,0.156,0.162,0.124,0.170,0.229,0.155,0.148,0.165,0.158,0.168,0.134,0.143,0.142,0.137,0.189,0.152,0.155,0.161,0.138,0.145,0.159,0.152,0.135,0.158,0.207,0.190,0.138,0.152,0.166,0.183,0.151,0.155,0.145,0.145,0.156,0.156,0.171,0.174,0.168,0.174,0.193,0.204,0.130,0.154,0.200,0.162,0.156,0.175,0.182,0.146,0.232,0.239,0.251,0.239,0.183,0.188,0.196,0.193,0.195,0.216,0.216,0.209,0.161,0.180,0.211,0.196,0.178,0.182,0.182,0.190,0.175,0.179,0.166,0.158,0.119,0.199,0.209,0.218,0.248,0.193,0.209,0.229,0.216,0.086,0.097,0.131,0.133,0.139,0.143,0.132,0.142,0.151,0.156,0.080,0.135,0.139,0.136,0.148,0.117,0.125,0.140,0.147,0.111,0.131,0.154,0.133,0.104,0.108,0.115,0.119,0.103,0.109,0.113,0.118,0.118,0.113,0.115,0.122,0.101,0.106,0.111,0.115,0.117,0.140,0.166,0.128,0.116,0.119,0.125,0.123,0.112,0.121,0.141,0.133
20:34:09,0.000,0.090,0.164,0.146,0.149,0.160,0.149,0.131,0.147,0.148,0.080,0.153,0.142,0.160,0.159,0.129,0.140,0.150,0.155,0.121,0.164,0.225,0.150,0.143,0.156,0.152,0.167,0.130,0.137,0.137,0.132,0.186,0.148,0.152,0.154,0.135,0.140,0.155,0.146,0.131,0.152,0.210,0.188,0.135,0.146,0.159,0.170,0.146,0.150,0.140,0.141,0.149,0.151,0.165,0.169,0.161,0.167,0.186,0.196,0.126,0.151,0.195,0.155,0.153,0.168,0.175,0.141,0.222,0.229,0.241,0.229,0.174,0.181,0.187,0.184,0.181,0.204,0.208,0.199,0.154,0.177,0.207,0.186,0.167,0.173,0.174,0.184,0.166,0.171,0.160,0.152,0.119,0.196,0.205,0.211,0.244,0.190,0.202,0.222,0.213,0.086,0.098,0.127,0.128,0.134,0.138,0.129,0.138,0.146,0.151,0.080,0.132,0.134,0.132,0.142,0.115,0.123,0.135,0.141,0.110,0.128,0.148,0.130,0.103,0.106,0.113,0.116,0.101,0.108,0.110,0.116,0.117,0.111,0.113,0.119,0.100,0.103,0.108,0.113,0.115,0.135,0.161,0.122,0.114,0.117,0.123,0.120,0.109,0.117,0.138,0.130
21:04:09,0.000,0.092,0.159,0.141,0.144,0.153,0.143,0.127,0.142,0.143,0.080,0.147,0.139,0.154,0.155,0.127,0.135,0.143,0.151,0.117,0.159,0.223,0.142,0.140,0.149,0.148,0.156,0.126,0.131,0.132,0.127,0.181,0.142,0.150,0.152,0.133,0.143,0.151,0.143,0.128,0.148,0.202,0.185,0.131,0.141,0.154,0.164,0.143,0.146,0.137,0.137,0.144,0.147,0.159,0.165,0.155,0.162,0.181,0.190,0.125,0.145,0.189,0.150,0.150,0.162,0.168,0.136,0.213,0.221,0.234,0.220,0.167,0.176,0.179,0.176,0.171,0.193,0.201,0.194,0.147,0.167,0.196,0.178,0.159,0.166,0.167,0.177,0.156,0.165,0.154,0.146,0.121,0.188,0.195,0.200,0.234,0.183,0.192,0.211,0.202,0.086,0.100,0.126,0.126,0.132,0.137,0.127,0.134,0.144,0.148,0.080,0.130,0.130,0.128,0.136,0.113,0.119,0.129,0.135,0.108,0.125,0.143,0.128,0.102,0.104,0.112,0.114,0.099,0.106,0.109,0.114,0.116,0.110,0.111,0.117,0.098,0.102,0.106,0.110,0.112,0.131,0.154,0.119,0.112,0.115,0.121,0.117,0.108,0.115,0.135,0.126
21:34:09,0.000,0.092,0.154,0.140,0.141,0.150,0.139,0.124,0.137,0.137,0.080,0.144,0.135,0.147,0.151,0.124,0.134,0.138,0.147,0.114,0.157,0.220,0.138,0.139,0.144,0.143,0.152,0.124,0.128,0.129,0.127,0.180,0.139,0.157,0.152,0.132,0.133,0.147,0.142,0.125,0.145,0.205,0.184,0.129,0.139,0.151,0.160,0.141,0.146,0.136,0.135,0.142,0.145,0.156,0.162,0.152,0.159,0.178,0.185,0.125,0.142,0.178,0.147,0.148,0.161,0.166,0.135,0.205,0.213,0.228,0.209,0.165,0.172,0.174,0.172,0.166,0.189,0.193,0.188,0.142,0.165,0.193,0.173,0.155,0.163,0.164,0.173,0.154,0.160,0.150,0.141,0.122,0.182,0.191,0.197,0.228,0.181,0.187,0.207,0.195,0.087,0.102,0.123,0.123,0.128,0.133,0.123,0.130,0.140,0.143,0.080,0.127,0.128,0.125,0.132,0.112,0.117,0.126,0.131,0.107,0.123,0.138,0.125,0.101,0.103,0.110,0.112,0.099,0.105,0.108,0.113,0.115,0.109,0.110,0.115,0.098,0.101,0.105,0.109,0.112,0.128,0.150,0.116,0.111,0.114,0.119,0.115,0.106,0.113,0.133,0.123
22:04:09,0.000,0.094,0.150,0.135,0.137,0.147,0.133,0.121,0.133,0.133,0.080,0.138,0.132,0.144,0.143,0.121,0.131,0.134,0.144,0.113,0.152,0.216,0.154,0.140,0.140,0.138,0.146,0.122,0.127,0.127,0.123,0.172,0.137,0.139,0.144,0.135,0.131,0.143,0.138,0.124,0.143,0.201,0.179,0.133,0.135,0.147,0.156,0.143,0.142,0.133,0.132,0.139,0.145,0.155,0.160,0.151,0.157,0.174,0.182,0.124,0.137,0.177,0.147,0.149,0.158,0.163,0.132,0.199,0.211,0.225,0.202,0.160,0.169,0.171,0.167,0.163,0.183,0.192,0.184,0.140,0.157,0.193,0.171,0.151,0.156,0.156,0.164,0.148,0.157,0.148,0.138,0.123,0.173,0.180,0.184,0.218,0.165,0.178,0.198,0.185,0.088,0.103,0.122,0.121,0.125,0.130,0.121,0.128,0.135,0.139,0.080,0.125,0.126,0.123,0.130,0.111,0.116,0.123,0.127,0.105,0.120,0.134,0.124,0.100,0.102,0.110,0.111,0.098,0.104,0.107,0.111,0.114,0.108,0.109,0.114,0.097,0.100,0.104,0.107,0.110,0.122,0.145,0.115,0.110,0.112,0.117,0.114,0.105,0.111,0.131,0.120
22:34:09,0.000,0.093,0.144,0.131,0.134,0.142,0.129,0.118,0.131,0.128,0.080,0.135,0.129,0.140,0.139,0.119,0.128,0.130,0.140,0.111,0.152,0.211,0.140,0.143,0.136,0.135,0.147,0.136,0.125,0.125,0.121,0.163,0.165,0.137,0.140,0.129,0.129,0.139,0.137,0.123,0.137,0.198,0.175,0.130,0.133,0.143,0.152,0.133,0.138,0.131,0.132,0.136,0.143,0.151,0.156,0.149,0.154,0.169,0.178,0.123,0.133,0.171,0.145,0.147,0.154,0.160,0.129,0.192,0.206,0.221,0.195,0.156,0.165,0.166,0.162,0.159,0.177,0.188,0.178,0.136,0.152,0.187,0.167,0.146,0.151,0.151,0.158,0.144,0.152,0.145,0.133,0.124,0.167,0.171,0.175,0.209,0.156,0.170,0.187,0.175,0.087,0.105,0.118,0.118,0.122,0.127,0.119,0.123,0.131,0.135,0.081,0.122,0.124,0.120,0.126,0.109,0.114,0.120,0.123,0.103,0.118,0.129,0.121,0.099,0.101,0.108,0.109,0.097,0.103,0.106,0.109,0.113,0.106,0.107,0.113,0.096,0.099,0.103,0.106,0.108,0.120,0.140,0.113,0.108,0.111,0.116,0.111,0.103,0.109,0.128,0.117
23:04:09,0.000,0.094,0.140,0.129,0.129,0.139,0.125,0.116,0.129,0.124,0.080,0.131,0.127,0.139,0.135,0.117,0.126,0.128,0.139,0.109,0.150,0.210,0.142,0.148,0.134,0.134,0.139,0.153,0.123,0.123,0.118,0.155,0.155,0.134,0.138,0.125,0.126,0.137,0.136,0.122,0.137,0.199,0.173,0.128,0.141,0.141,0.149,0.132,0.136,0.130,0.143,0.134,0.142,0.150,0.154,0.146,0.152,0.167,0.175,0.122,0.129,0.169,0.143,0.145,0.150,0.158,0.126,0.190,0.203,0.217,0.189,0.152,0.162,0.164,0.159,0.156,0.173,0.184,0.174,0.135,0.145,0.183,0.164,0.144,0.146,0.146,0.152,0.139,0.150,0.144,0.129,0.125,0.162,0.166,0.168,0.200,0.149,0.162,0.177,0.166,0.088,0.105,0.117,0.116,0.120,0.124,0.115,0.121,0.129,0.131,0.081,0.121,0.122,0.119,0.124,0.108,0.112,0.119,0.121,0.102,0.116,0.126,0.120,0.098,0.100,0.107,0.109,0.096,0.102,0.105,0.108,0.111,0.106,0.106,0.112,0.096,0.098,0.102,0.105,0.107,0.117,0.135,0.111,0.107,0.110,0.114,0.110,0.102,0.108,0.127,0.115
23:34:09,0.000,0.094,0.137,0.126,0.128,0.134,0.124,0.114,0.126,0.123,0.081,0.128,0.124,0.135,0.132,0.116,0.125,0.125,0.135,0.107,0.148,0.198,0.141,0.157,0.133,0.131,0.174,0.133,0.122,0.121,0.115,0.154,0.157,0.131,0.136,0.131,0.124,0.134,0.133,0.127,0.135,0.195,0.169,0.126,0.137,0.140,0.148,0.131,0.136,0.129,0.125,0.132,0.139,0.145,0.150,0.141,0.148,0.161,0.170,0.122,0.126,0.165,0.142,0.143,0.145,0.153,0.125,0.184,0.195,0.208,0.182,0.148,0.159,0.160,0.156,0.152,0.169,0.176,0.165,0.132,0.141,0.179,0.161,0.144,0.145,0.145,0.150,0.139,0.147,0.140,0.127,0.125,0.160,0.160,0.163,0.194,0.146,0.157,0.173,0.163,0.088,0.105,0.115,0.114,0.118,0.122,0.114,0.118,0.126,0.128,0.081,0.119,0.121,0.117,0.122,0.107,0.111,0.117,0.119,0.101,0.115,0.124,0.119,0.097,0.099,0.107,0.107,0.096,0.101,0.105,0.107,0.110,0.105,0.106,0.111,0.095,0.098,0.102,0.104,0.107,0.116,0.132,0.110,0.105,0.108,0.113,0.109,0.101,0.107,0.126,0.114
01 00:04:09,0.000,0.095,0.134,0.123,0.125,0.133,0.120,0.112,0.125,0.121,0.081,0.126,0.123,0.133,0.131,0.115,0.123,0.124,0.134,0.107,0.143,0.198,0.131,0.128,0.131,0.130,0.168,0.125,0.121,0.121,0.114,0.146,0.151,0.131,0.135,0.123,0.124,0.132,0.133,0.121,0.132,0.197,0.167,0.123,0.154,0.138,0.144,0.129,0.134,0.127,0.123,0.131,0.139,0.143,0.148,0.141,0.147,0.159,0.167,0.118,0.123,0.162,0.141,0.143,0.144,0.152,0.122,0.181,0.191,0.207,0.178,0.147,0.156,0.158,0.154,0.149,0.165,0.174,0.164,0.129,0.136,0.177,0.158,0.142,0.142,0.142,0.146,0.135,0.143,0.138,0.124,0.127,0.159,0.158,0.160,0.190,0.143,0.153,0.168,0.160,0.088,0.106,0.114,0.114,0.117,0.120,0.112,0.117,0.123,0.126,0.081,0.118,0.120,0.117,0.121,0.106,0.110,0.115,0.117,0.100,0.113,0.124,0.118,0.096,0.098,0.106,0.106,0.095,0.101,0.104,0.106,0.110,0.104,0.105,0.111,0.095,0.097,0.101,0.104,0.106,0.114,0.131,0.109,0.105,0.107,0.112,0.108,0.100,0.106,0.124,0.112
01 00:34:09,0.000,0.096,0.133,0.122,0.123,0.129,0.120,0.111,0.121,0.120,0.081,0.125,0.119,0.129,0.127,0.111,0.122,0.120,0.131,0.105,0.140,0.192,0.143,0.126,0.128,0.129,0.132,0.131,0.120,0.120,0.113,0.143,0.163,0.129,0.134,0.123,0.122,0.133,0.129,0.118,0.132,0.198,0.162,0.124,0.146,0.136,0.141,0.128,0.133,0.127,0.124,0.127,0.137,0.140,0.145,0.137,0.143,0.156,0.165,0.119,0.119,0.158,0.135,0.141,0.139,0.149,0.119,0.177,0.187,0.202,0.170,0.146,0.150,0.159,0.150,0.145,0.160,0.169,0.160,0.125,0.132,0.173,0.156,0.137,0.139,0.139,0.144,0.133,0.139,0.136,0.122,0.127,0.154,0.154,0.157,0.183,0.140,0.149,0.161,0.153,0.089,0.106,0.112,0.111,0.114,0.118,0.110,0.114,0.120,0.122,0.081,0.115,0.118,0.115,0.119,0.104,0.109,0.114,0.116,0.099,0.111,0.122,0.116,0.095,0.098,0.105,0.105,0.094,0.100,0.103,0.105,0.110,0.103,0.104,0.110,0.094,0.097,0.100,0.103,0.105,0.111,0.130,0.108,0.103,0.106,0.111,0.107,0.099,0.105,0.122,0.111
01 01:04:09,0.000,0.096,0.127,0.119,0.121,0.125,0.119,0.109,0.119,0.117,0.081,0.124,0.117,0.128,0.126,0.111,0.120,0.119,0.129,0.105,0.140,0.189,0.132,0.125,0.126,0.127,0.130,0.138,0.118,0.118,0.113,0.141,0.156,0.128,0.133,0.134,0.121,0.131,0.128,0.117,0.132,0.200,0.162,0.121,0.155,0.135,0.138,0.127,0.131,0.125,0.120,0.126,0.135,0.138,0.143,0.136,0.144,0.152,0.162,0.116,0.119,0.160,0.134,0.140,0.138,0.146,0.117,0.174,0.184,0.198,0.167,0.145,0.148,0.157,0.147,0.143,0.156,0.166,0.156,0.123,0.130,0.175,0.153,0.136,0.137,0.137,0.141,0.130,0.137,0.133,0.120,0.129,0.153,0.151,0.155,0.178,0.138,0.145,0.156,0.150,0.089,0.106,0.111,0.111,0.113,0.116,0.109,0.112,0.119,0.119,0.081,0.115,0.117,0.114,0.118,0.103,0.108,0.113,0.115,0.098,0.110,0.120,0.116,0.095,0.097,0.104,0.104,0.094,0.099,0.103,0.104,0.109,0.104,0.104,0.110,0.094,0.096,0.100,0.102,0.105,0.110,0.128,0.108,0.103,0.106,0.110,0.106,0.098,0.105,0.122,0.110
01 01:34:09,0.000,0.095,0.126,0.118,0.120,0.123,0.117,0.108,0.118,0.116,0.081,0.122,0.116,0.125,0.124,0.110,0.120,0.117,0.128,0.103,0.137,0.184,0.127,0.125,0.124,0.127,0.129,0.151,0.118,0.117,0.111,0.140,0.161,0.126,0.132,0.128,0.119,0.129,0.127,0.116,0.131,0.201,0.160,0.122,0.158,0.134,0.138,0.126,0.130,0.126,0.119,0.124,0.136,0.135,0.139,0.134,0.141,0.149,0.158,0.111,0.116,0.155,0.132,0.139,0.135,0.144,0.116,0.171,0.182,0.192,0.162,0.143,0.146,0.155,0.145,0.141,0.154,0.163,0.155,0.122,0.128,0.170,0.152,0.134,0.135,0.135,0.141,0.130,0.136,0.132,0.119,0.128,0.150,0.150,0.152,0.175,0.136,0.144,0.154,0.147,0.089,0.104,0.110,0.110,0.112,0.114,0.107,0.110,0.116,0.117,0.081,0.113,0.116,0.112,0.116,0.102,0.107,0.112,0.113,0.097,0.108,0.119,0.115,0.094,0.097,0.103,0.103,0.093,0.099,0.103,0.103,0.109,0.102,0.103,0.109,0.093,0.095,0.100,0.101,0.104,0.108,0.125,0.108,0.102,0.105,0.108,0.105,0.097,0.104,0.121,0.108
01 02:04:09,0.000,0.095,0.125,0.115,0.120,0.123,0.116,0.107,0.120,0.116,0.081,0.122,0.115,0.123,0.123,0.108,0.118,0.114,0.126,0.102,0.135,0.175,0.120,0.124,0.123,0.126,0.127,0.112,0.115,0.115,0.111,0.138,0.149,0.125,0.131,0.122,0.119,0.127,0.126,0.115,0.131,0.195,0.158,0.121,0.153,0.132,0.138,0.124,0.129,0.125,0.118,0.123,0.135,0.133,0.137,0.132,0.140,0.145,0.156,0.110,0.115,0.155,0.130,0.138,0.132,0.141,0.114,0.167,0.178,0.189,0.158,0.141,0.144,0.153,0.142,0.139,0.150,0.159,0.151,0.119,0.125,0.168,0.150,0.132,0.133,0.133,0.140,0.127,0.132,0.129,0.118,0.129,0.149,0.149,0.151,0.172,0.135,0.141,0.152,0.144,0.089,0.104,0.110,0.109,0.110,0.112,0.106,0.109,0.114,0.116,0.083,0.114,0.115,0.111,0.116,0.102,0.106,0.112,0.112,0.096,0.108,0.119,0.114,0.094,0.096,0.102,0.103,0.093,0.099,0.102,0.102,0.109,0.102,0.103,0.108,0.093,0.095,0.099,0.101,0.104,0.108,0.126,0.107,0.101,0.104,0.107,0.104,0.096,0.103,0.120,0.107
01 02:34:09,0.000,0.096,0.124,0.115,0.119,0.123,0.116,0.107,0.119,0.114,0.081,0.121,0.114,0.122,0.121,0.107,0.116,0.114,0.124,0.102,0.134,0.178,0.119,0.122,0.120,0.124,0.126,0.112,0.113,0.113,0.110,0.136,0.120,0.124,0.129,0.125,0.118,0.125,0.126,0.114,0.131,0.196,0.157,0.118,0.149,0.131,0.134,0.123,0.127,0.124,0.116,0.121,0.131,0.131,0.135,0.130,0.140,0.143,0.153,0.108,0.115,0.154,0.129,0.136,0.131,0.138,0.112,0.165,0.176,0.186,0.155,0.140,0.141,0.150,0.140,0.138,0.147,0.156,0.150,0.117,0.124,0.170,0.148,0.130,0.131,0.130,0.137,0.124,0.130,0.127,0.116,0.129,0.148,0.146,0.150,0.167,0.132,0.139,0.148,0.141,0.089,0.104,0.109,0.107,0.109,0.111,0.104,0.107,0.112,0.113,0.082,0.113,0.115,0.110,0.115,0.101,0.105,0.110,0.111,0.096,0.106,0.119,0.113,0.093,0.096,0.101,0.102,0.092,0.098,0.101,0.101,0.108,0.102,0.102,0.108,0.093,0.095,0.098,0.100,0.103,0.106,0.124,0.107,0.101,0.103,0.106,0.103,0.096,0.102,0.119,0.106
01 03:04:09,0.000,0.097,0.126,0.114,0.119,0.123,0.116,0.106,0.119,0.113,0.081,0.120,0.112,0.120,0.120,0.106,0.115,0.112,0.122,0.101,0.131,0.173,0.117,0.120,0.121,0.124,0.125,0.109,0.112,0.111,0.110,0.134,0.118,0.122,0.128,0.129,0.117,0.123,0.124,0.112,0.129,0.188,0.156,0.121,0.152,0.130,0.133,0.121,0.126,0.122,0.115,0.121,0.131,0.128,0.132,0.128,0.138,0.141,0.151,0.107,0.113,0.154,0.128,0.136,0.129,0.138,0.111,0.163,0.174,0.184,0.152,0.139,0.139,0.148,0.139,0.136,0.147,0.154,0.148,0.116,0.123,0.168,0.146,0.128,0.129,0.128,0.134,0.123,0.129,0.125,0.114,0.129,0.147,0.145,0.147,0.165,0.133,0.138,0.147,0.140,0.089,0.105,0.108,0.107,0.108,0.110,0.103,0.106,0.110,0.112,0.082,0.112,0.114,0.109,0.114,0.100,0.105,0.109,0.111,0.095,0.105,0.119,0.113,0.093,0.095,0.100,0.101,0.091,0.097,0.101,0.100,0.108,0.102,0.101,0.107,0.093,0.094,0.098,0.099,0.103,0.105,0.125,0.107,0.100,0.102,0.106,0.103,0.095,0.101,0.118,0.106
01 03:34:09,0.000,0.098,0.125,0.113,0.119,0.122,0.116,0.106,0.121,0.113,0.081,0.121,0.112,0.119,0.119,0.105,0.115,0.111,0.122,0.100,0.128,0.170,0.116,0.118,0.119,0.123,0.124,0.109,0.113,0.110,0.108,0.133,0.118,0.121,0.126,0.124,0.116,0.122,0.123,0.112,0.123,0.180,0.153,0.120,0.145,0.128,0.131,0.122,0.125,0.122,0.114,0.120,0.130,0.126,0.130,0.127,0.136,0.139,0.148,0.106,0.112,0.154,0.126,0.133,0.127,0.135,0.110,0.159,0.169,0.179,0.149,0.138,0.137,0.147,0.136,0.134,0.144,0.151,0.145,0.114,0.122,0.169,0.144,0.128,0.128,0.128,0.134,0.123,0.127,0.123,0.115,0.129,0.146,0.144,0.146,0.163,0.131,0.137,0.147,0.139,0.089,0.105,0.107,0.106,0.107,0.108,0.102,0.105,0.110,0.111,0.082,0.112,0.113,0.108,0.113,0.099,0.104,0.108,0.109,0.095,0.104,0.119,0.112,0.092,0.095,0.100,0.100,0.091,0.096,0.100,0.100,0.109,0.101,0.101,0.106,0.092,0.094,0.097,0.099,0.103,0.104,0.124,0.107,0.100,0.101,0.104,0.102,0.095,0.100,0.117,0.105
01 04:04:09,0.000,0.099,0.125,0.113,0.118,0.122,0.115,0.106,0.119,0.112,0.081,0.120,0.110,0.117,0.118,0.104,0.113,0.110,0.120,0.099,0.130,0.168,0.114,0.117,0.117,0.122,0.124,0.107,0.112,0.109,0.107,0.132,0.117,0.119,0.127,0.126,0.116,0.122,0.123,0.110,0.127,0.185,0.156,0.118,0.120,0.128,0.132,0.121,0.126,0.122,0.114,0.120,0.128,0.124,0.128,0.128,0.138,0.136,0.145,0.103,0.113,0.156,0.125,0.132,0.125,0.134,0.109,0.158,0.168,0.175,0.146,0.139,0.137,0.145,0.135,0.133,0.142,0.148,0.142,0.114,0.123,0.170,0.142,0.127,0.126,0.125,0.132,0.120,0.125,0.122,0.114,0.131,0.146,0.145,0.146,0.159,0.131,0.135,0.143,0.137,0.089,0.105,0.107,0.105,0.107,0.109,0.101,0.104,0.109,0.110,0.083,0.111,0.112,0.107,0.112,0.099,0.103,0.107,0.108,0.094,0.103,0.119,0.111,0.092,0.094,0.099,0.099,0.090,0.096,0.099,0.099,0.108,0.100,0.100,0.105,0.092,0.093,0.097,0.098,0.102,0.104,0.124,0.106,0.100,0.101,0.104,0.101,0.094,0.100,0.117,0.104
01 04:34:09,0.000,0.099,0.124,0.113,0.118,0.122,0.115,0.106,0.117,0.113,0.081,0.119,0.111,0.116,0.116,0.102,0.112,0.108,0.118,0.098,0.126,0.165,0.112,0.114,0.116,0.120,0.122,0.104,0.110,0.107,0.106,0.131,0.114,0.116,0.126,0.124,0.112,0.118,0.122,0.108,0.126,0.178,0.154,0.117,0.118,0.126,0.129,0.119,0.122,0.120,0.113,0.119,0.126,0.121,0.124,0.126,0.136,0.134,0.142,0.101,0.111,0.157,0.123,0.129,0.123,0.132,0.106,0.154,0.165,0.172,0.143,0.138,0.136,0.142,0.131,0.129,0.139,0.145,0.140,0.111,0.122,0.172,0.140,0.125,0.124,0.123,0.131,0.119,0.123,0.120,0.112,0.130,0.146,0.143,0.144,0.157,0.130,0.133,0.140,0.135,0.089,0.105,0.107,0.105,0.106,0.107,0.101,0.103,0.107,0.108,0.082,0.111,0.111,0.107,0.111,0.098,0.102,0.106,0.107,0.093,0.103,0.120,0.110,0.091,0.093,0.098,0.098,0.090,0.095,0.099,0.098,0.108,0.100,0.099,0.104,0.092,0.093,0.096,0.097,0.101,0.103,0.124,0.106,0.099,0.100,0.103,0.100,0.093,0.098,0.116,0.103
01 05:04:09,0.000,0.099,0.123,0.113,0.118,0.120,0.114,0.106,0.117,0.112,0.081,0.119,0.110,0.115,0.115,0.102,0.111,0.107,0.116,0.098,0.124,0.164,0.111,0.113,0.114,0.119,0.120,0.103,0.109,0.105,0.104,0.130,0.113,0.115,0.123,0.123,0.111,0.117,0.126,0.107,0.125,0.169,0.151,0.115,0.117,0.124,0.126,0.118,0.120,0.118,0.113,0.119,0.123,0.120,0.122,0.125,0.134,0.131,0.139,0.100,0.111,0.157,0.122,0.126,0.121,0.130,0.105,0.152,0.160,0.168,0.141,0.138,0.135,0.141,0.129,0.129,0.137,0.143,0.138,0.110,0.121,0.171,0.139,0.125,0.123,0.122,0.131,0.118,0.122,0.118,0.111,0.131,0.146,0.144,0.144,0.156,0.130,0.133,0.141,0.135,0.089,0.106,0.107,0.105,0.106,0.107,0.100,0.102,0.106,0.108,0.083,0.111,0.110,0.106,0.111,0.098,0.101,0.106,0.107,0.093,0.102,0.120,0.109,0.091,0.093,0.098,0.098,0.089,0.095,0.098,0.097,0.107,0.100,0.099,0.103,0.091,0.092,0.096,0.097,0.101,0.103,0.125,0.104,0.099,0.100,0.103,0.100,0.093,0.098,0.115,0.103
01 05:34:09,0.000,0.098,0.123,0.112,0.119,0.120,0.115,0.106,0.117,0.112,0.082,0.119,0.111,0.116,0.114,0.102,0.110,0.106,0.115,0.097,0.122,0.162,0.110,0.111,0.114,0.118,0.119,0.104,0.108,0.104,0.104,0.129,0.112,0.114,0.122,0.125,0.109,0.114,0.130,0.105,0.125,0.167,0.150,0.115,0.116,0.123,0.126,0.117,0.120,0.118,0.111,0.119,0.122,0.118,0.121,0.121,0.132,0.130,0.138,0.100,0.111,0.156,0.121,0.125,0.119,0.129,0.104,0.149,0.158,0.165,0.140,0.140,0.135,0.140,0.128,0.127,0.135,0.142,0.137,0.110,0.121,0.171,0.138,0.125,0.123,0.122,0.129,0.118,0.121,0.117,0.112,0.131,0.147,0.143,0.144,0.154,0.129,0.132,0.141,0.134,0.090,0.105,0.107,0.104,0.106,0.107,0.100,0.103,0.106,0.108,0.083,0.111,0.110,0.105,0.110,0.097,0.101,0.105,0.106,0.093,0.103,0.119,0.108,0.091,0.093,0.097,0.097,0.090,0.094,0.098,0.097,0.107,0.100,0.099,0.103,0.092,0.093,0.096,0.097,0.101,0.103,0.124,0.105,0.099,0.100,0.103,0.099,0.093,0.098,0.115,0.102
01 06:04:09,0.000,0.098,0.123,0.112,0.117,0.119,0.115,0.106,0.117,0.112,0.082,0.118,0.108,0.114,0.114,0.100,0.108,0.105,0.113,0.096,0.120,0.161,0.108,0.109,0.112,0.116,0.117,0.102,0.106,0.103,0.102,0.126,0.111,0.112,0.120,0.123,0.107,0.113,0.115,0.104,0.126,0.163,0.148,0.112,0.113,0.120,0.124,0.115,0.118,0.116,0.110,0.119,0.120,0.117,0.117,0.120,0.129,0.128,0.135,0.100,0.111,0.155,0.120,0.123,0.118,0.126,0.104,0.144,0.155,0.162,0.138,0.138,0.133,0.136,0.126,0.125,0.133,0.141,0.135,0.109,0.120,0.169,0.136,0.123,0.122,0.120,0.127,0.117,0.119,0.116,0.112,0.130,0.145,0.141,0.142,0.152,0.129,0.131,0.140,0.133,0.089,0.105,0.106,0.103,0.105,0.105,0.099,0.102,0.106,0.107,0.083,0.110,0.109,0.104,0.109,0.096,0.099,0.104,0.105,0.092,0.102,0.120,0.108,0.091,0.093,0.096,0.097,0.089,0.094,0.097,0.096,0.107,0.099,0.098,0.102,0.091,0.092,0.095,0.096,0.101,0.102,0.123,0.104,0.098,0.099,0.101,0.099,0.092,0.097,0.114,0.101
01 06:34:09,0.000,0.099,0.123,0.111,0.119,0.119,0.114,0.105,0.117,0.112,0.082,0.118,0.110,0.113,0.114,0.101,0.108,0.105,0.111,0.096,0.118,0.162,0.107,0.107,0.110,0.116,0.115,0.143,0.105,0.101,0.103,0.125,0.109,0.110,0.120,0.124,0.107,0.113,0.115,0.103,0.125,0.163,0.145,0.112,0.111,0.118,0.123,0.112,0.117,0.114,0.108,0.119,0.119,0.116,0.114,0.118,0.128,0.126,0.133,0.099,0.110,0.156,0.120,0.124,0.117,0.124,0.103,0.145,0.154,0.160,0.137,0.138,0.132,0.135,0.124,0.125,0.132,0.137,0.135,0.111,0.120,0.170,0.134,0.122,0.121,0.119,0.124,0.115,0.118,0.115,0.113,0.133,0.147,0.143,0.143,0.153,0.129,0.130,0.140,0.133,0.090,0.105,0.107,0.103,0.105,0.105,0.099,0.101,0.105,0.106,0.082,0.111,0.109,0.104,0.109,0.096,0.099,0.104,0.104,0.092,0.102,0.119,0.107,0.091,0.092,0.095,0.096,0.089,0.094,0.096,0.095,0.107,0.099,0.098,0.102,0.091,0.091,0.094,0.096,0.100,0.102,0.124,0.105,0.098,0.099,0.101,0.098,0.092,0.097,0.114,0.101
01 07:04:09,0.000,0.099,0.122,0.112,0.118,0.119,0.114,0.105,0.115,0.112,0.082,0.118,0.109,0.114,0.114,0.100,0.108,0.104,0.111,0.094,0.117,0.158,0.106,0.111,0.110,0.115,0.118,0.102,0.103,0.099,0.102,0.124,0.107,0.108,0.119,0.128,0.105,0.110,0.112,0.101,0.125,0.162,0.142,0.111,0.109,0.116,0.122,0.111,0.114,0.111,0.108,0.118,0.119,0.115,0.112,0.116,0.125,0.124,0.130,0.098,0.110,0.156,0.119,0.123,0.116,0.123,0.103,0.142,0.150,0.156,0.136,0.139,0.131,0.134,0.122,0.123,0.130,0.136,0.131,0.108,0.120,0.169,0.134,0.121,0.120,0.118,0.123,0.115,0.117,0.114,0.112,0.132,0.146,0.143,0.143,0.152,0.129,0.129,0.140,0.133,0.090,0.105,0.106,0.103,0.105,0.104,0.099,0.101,0.105,0.105,0.082,0.111,0.108,0.103,0.108,0.095,0.099,0.103,0.103,0.091,0.102,0.118,0.107,0.090,0.092,0.095,0.096,0.089,0.093,0.095,0.095,0.107,0.099,0.098,0.102,0.091,0.091,0.094,0.095,0.100,0.102,0.125,0.105,0.098,0.098,0.100,0.098,0.092,0.096,0.113,0.100
01 07:34:09,0.000,0.098,0.122,0.112,0.117,0.118,0.113,0.105,0.115,0.111,0.082,0.117,0.107,0.106,0.111,0.099,0.107,0.103,0.111,0.094,0.117,0.158,0.105,0.106,0.109,0.113,0.116,0.101,0.103,0.098,0.100,0.123,0.106,0.107,0.116,0.141,0.103,0.107,0.111,0.100,0.124,0.162,0.139,0.117,0.107,0.114,0.120,0.109,0.112,0.109,0.107,0.118,0.117,0.114,0.110,0.115,0.122,0.122,0.128,0.098,0.110,0.159,0.117,0.121,0.114,0.120,0.102,0.139,0.147,0.153,0.135,0.139,0.131,0.132,0.121,0.122,0.129,0.134,0.131,0.107,0.120,0.168,0.132,0.120,0.120,0.117,0.121,0.114,0.116,0.113,0.111,0.131,0.145,0.141,0.143,0.151,0.130,0.128,0.139,0.133,0.090,0.105,0.106,0.103,0.104,0.104,0.099,0.101,0.104,0.105,0.082,0.111,0.108,0.102,0.107,0.095,0.098,0.102,0.103,0.091,0.102,0.118,0.106,0.090,0.092,0.094,0.095,0.088,0.093,0.094,0.095,0.107,0.099,0.097,0.101,0.091,0.091,0.094,0.095,0.100,0.102,0.125,0.104,0.098,0.098,0.100,0.098,0.092,0.096,0.113,0.100
01 08:04:09,0.000,0.098,0.122,0.113,0.117,0.117,0.113,0.106,0.116,0.112,0.082,0.117,0.106,0.107,0.112,0.099,0.106,0.103,0.108,0.093,0.115,0.156,0.104,0.105,0.107,0.112,0.114,0.101,0.102,0.098,0.099,0.122,0.105,0.105,0.113,0.138,0.101,0.106,0.108,0.098,0.122,0.160,0.138,0.109,0.105,0.113,0.118,0.107,0.110,0.106,0.106,0.118,0.116,0.113,0.109,0.109,0.120,0.120,0.126,0.097,0.110,0.157,0.116,0.119,0.114,0.119,0.102,0.137,0.145,0.151,0.133,0.138,0.129,0.130,0.120,0.121,0.127,0.132,0.130,0.106,0.119,0.165,0.130,0.119,0.119,0.116,0.120,0.113,0.114,0.112,0.110,0.132,0.145,0.141,0.143,0.152,0.128,0.128,0.139,0.131,0.090,0.105,0.105,0.102,0.104,0.103,0.098,0.100,0.104,0.104,0.082,0.111,0.107,0.102,0.107,0.095,0.098,0.101,0.102,0.091,0.102,0.119,0.106,0.090,0.092,0.094,0.095,0.088,0.093,0.094,0.094,0.107,0.099,0.097,0.100,0.091,0.091,0.093,0.095,0.100,0.102,0.125,0.104,0.098,0.097,0.099,0.097,0.091,0.096,0.113,0.099
01 08:34:09,0.000,0.099,0.122,0.113,0.117,0.117,0.112,0.106,0.115,0.112,0.082,0.118,0.106,0.106,0.112,0.098,0.106,0.102,0.108,0.093,0.115,0.157,0.104,0.103,0.106,0.110,0.113,0.100,0.100,0.097,0.098,0.123,0.104,0.103,0.109,0.140,0.101,0.104,0.105,0.099,0.119,0.159,0.134,0.105,0.104,0.110,0.118,0.105,0.108,0.105,0.105,0.118,0.116,0.108,0.108,0.107,0.118,0.118,0.124,0.096,0.110,0.159,0.116,0.117,0.113,0.118,0.103,0.136,0.143,0.148,0.132,0.139,0.128,0.128,0.119,0.120,0.125,0.130,0.131,0.106,0.120,0.167,0.130,0.118,0.118,0.115,0.118,0.112,0.114,0.111,0.110,0.133,0.145,0.142,0.142,0.151,0.127,0.129,0.137,0.131,0.090,0.106,0.106,0.102,0.104,0.103,0.098,0.101,0.104,0.104,0.083,0.111,0.107,0.101,0.106,0.094,0.097,0.101,0.102,0.091,0.102,0.119,0.105,0.091,0.092,0.094,0.094,0.088,0.092,0.093,0.094,0.108,0.099,0.097,0.100,0.090,0.091,0.093,0.094,0.099,0.102,0.125,0.104,0.098,0.097,0.099,0.097,0.091,0.095,0.112,0.099
01 09:04:09,0.000,0.098,0.121,0.113,0.117,0.116,0.112,0.106,0.114,0.111,0.082,0.118,0.105,0.106,0.111,0.097,0.105,0.102,0.104,0.092,0.114,0.154,0.103,0.102,0.104,0.110,0.111,0.099,0.100,0.096,0.098,0.121,0.103,0.103,0.109,0.132,0.100,0.104,0.104,0.098,0.117,0.159,0.132,0.104,0.104,0.108,0.115,0.104,0.106,0.103,0.104,0.118,0.115,0.107,0.108,0.106,0.117,0.117,0.122,0.096,0.110,0.158,0.116,0.116,0.112,0.117,0.103,0.134,0.141,0.146,0.131,0.138,0.127,0.126,0.119,0.120,0.125,0.128,0.131,0.105,0.120,0.165,0.128,0.118,0.117,0.114,0.117,0.111,0.112,0.109,0.110,0.133,0.146,0.141,0.142,0.151,0.130,0.128,0.133,0.131,0.090,0.105,0.106,0.102,0.104,0.103,0.098,0.101,0.103,0.104,0.083,0.111,0.107,0.101,0.106,0.094,0.097,0.100,0.101,0.091,0.102,0.119,0.105,0.090,0.091,0.093,0.094,0.088,0.092,0.093,0.094,0.108,0.099,0.097,0.099,0.091,0.091,0.093,0.094,0.099,0.102,0.125,0.103,0.097,0.097,0.099,0.097,0.091,0.095,0.112,0.099
01 09:34:09,0.000,0.099,0.121,0.113,0.116,0.117,0.111,0.107,0.113,0.112,0.082,0.118,0.104,0.105,0.112,0.097,0.105,0.101,0.102,0.093,0.114,0.153,0.102,0.101,0.103,0.108,0.110,0.098,0.099,0.097,0.097,0.120,0.103,0.101,0.105,0.115,0.098,0.101,0.101,0.097,0.119,0.158,0.130,0.105,0.101,0.105,0.111,0.102,0.104,0.101,0.104,0.118,0.115,0.106,0.107,0.105,0.116,0.117,0.121,0.096,0.109,0.158,0.115,0.114,0.112,0.116,0.103,0.133,0.140,0.145,0.130,0.138,0.126,0.125,0.119,0.119,0.123,0.128,0.129,0.105,0.121,0.165,0.128,0.117,0.117,0.114,0.116,0.111,0.112,0.109,0.111,0.133,0.145,0.141,0.141,0.149,0.126,0.128,0.132,0.131,0.090,0.106,0.106,0.102,0.103,0.102,0.098,0.100,0.103,0.103,0.083,0.110,0.106,0.101,0.106,0.094,0.097,0.100,0.101,0.091,0.102,0.119,0.105,0.090,0.091,0.093,0.094,0.087,0.092,0.092,0.093,0.108,0.099,0.097,0.100,0.091,0.091,0.093,0.094,0.099,0.102,0.125,0.103,0.098,0.097,0.099,0.097,0.091,0.095,0.112,0.098
01 10:04:09,0.000,0.100,0.121,0.112,0.116,0.116,0.111,0.106,0.112,0.111,0.082,0.117,0.104,0.104,0.103,0.097,0.104,0.101,0.102,0.091,0.114,0.150,0.101,0.104,0.104,0.107,0.108,0.098,0.098,0.096,0.097,0.121,0.101,0.100,0.103,0.115,0.097,0.099,0.099,0.097,0.117,0.162,0.128,0.105,0.102,0.103,0.108,0.100,0.102,0.099,0.103,0.118,0.113,0.105,0.106,0.104,0.115,0.115,0.120,0.095,0.109,0.160,0.115,0.112,0.111,0.115,0.103,0.132,0.138,0.144,0.130,0.137,0.125,0.121,0.118,0.118,0.122,0.125,0.128,0.104,0.122,0.164,0.126,0.117,0.115,0.113,0.114,0.110,0.111,0.108,0.110,0.133,0.145,0.141,0.141,0.150,0.126,0.128,0.132,0.129,0.090,0.107,0.106,0.101,0.103,0.102,0.097,0.100,0.103,0.102,0.083,0.111,0.106,0.100,0.105,0.094,0.096,0.099,0.100,0.090,0.101,0.120,0.105,0.090,0.091,0.093,0.094,0.087,0.091,0.092,0.093,0.108,0.099,0.096,0.099,0.090,0.091,0.092,0.093,0.099,0.102,0.126,0.103,0.097,0.096,0.098,0.096,0.091,0.095,0.112,0.098
01 10:34:09,0.000,0.099,0.120,0.111,0.116,0.115,0.110,0.106,0.112,0.112,0.082,0.117,0.103,0.103,0.102,0.096,0.103,0.100,0.101,0.092,0.112,0.149,0.100,0.102,0.103,0.106,0.107,0.097,0.098,0.096,0.096,0.120,0.101,0.099,0.105,0.114,0.096,0.098,0.100,0.096,0.117,0.158,0.124,0.105,0.100,0.101,0.106,0.099,0.100,0.098,0.102,0.118,0.113,0.104,0.105,0.103,0.113,0.114,0.118,0.094,0.109,0.159,0.115,0.112,0.111,0.114,0.103,0.130,0.137,0.143,0.128,0.136,0.125,0.119,0.117,0.117,0.121,0.124,0.127,0.103,0.122,0.163,0.125,0.116,0.114,0.111,0.113,0.109,0.114,0.107,0.110,0.132,0.144,0.139,0.140,0.148,0.125,0.127,0.131,0.130,0.090,0.106,0.105,0.101,0.102,0.101,0.097,0.100,0.102,0.102,0.083,0.111,0.105,0.100,0.104,0.093,0.096,0.099,0.100,0.090,0.101,0.120,0.104,0.090,0.091,0.093,0.093,0.087,0.091,0.092,0.093,0.108,0.098,0.096,0.099,0.090,0.090,0.092,0.093,0.098,0.101,0.125,0.103,0.097,0.096,0.098,0.096,0.091,0.095,0.111,0.097
01 11:04:09,0.000,0.100,0.120,0.111,0.116,0.115,0.111,0.106,0.112,0.112,0.082,0.117,0.104,0.103,0.102,0.096,0.103,0.100,0.101,0.090,0.111,0.147,0.101,0.101,0.104,0.105,0.106,0.097,0.098,0.095,0.095,0.120,0.100,0.098,0.107,0.113,0.096,0.097,0.099,0.095,0.114,0.158,0.122,0.103,0.099,0.100,0.106,0.098,0.099,0.096,0.101,0.118,0.107,0.104,0.105,0.103,0.113,0.114,0.117,0.095,0.109,0.158,0.114,0.112,0.111,0.113,0.103,0.128,0.135,0.142,0.128,0.137,0.125,0.119,0.116,0.117,0.121,0.125,0.125,0.103,0.122,0.163,0.126,0.116,0.115,0.112,0.113,0.109,0.111,0.107,0.110,0.132,0.144,0.140,0.140,0.146,0.126,0.127,0.132,0.129,0.090,0.107,0.105,0.101,0.103,0.101,0.097,0.100,0.102,0.102,0.083,0.110,0.105,0.100,0.104,0.093,0.096,0.098,0.099,0.090,0.101,0.120,0.104,0.090,0.091,0.093,0.094,0.087,0.091,0.091,0.093,0.107,0.098,0.096,0.099,0.090,0.090,0.092,0.093,0.099,0.101,0.125,0.103,0.097,0.096,0.098,0.096,0.091,0.095,0.111,0.098
01 11:34:09,0.000,0.101,0.120,0.112,0.115,0.115,0.111,0.106,0.112,0.111,0.082,0.117,0.103,0.102,0.101,0.095,0.102,0.100,0.100,0.090,0.111,0.148,0.100,0.100,0.104,0.106,0.106,0.097,0.099,0.095,0.094,0.119,0.100,0.098,0.107,0.112,0.095,0.096,0.098,0.094,0.113,0.158,0.120,0.104,0.098,0.102,0.104,0.097,0.097,0.095,0.100,0.119,0.106,0.104,0.105,0.103,0.112,0.114,0.116,0.094,0.109,0.158,0.114,0.111,0.110,0.112,0.103,0.127,0.134,0.140,0.128,0.138,0.124,0.118,0.116,0.116,0.121,0.124,0.124,0.102,0.121,0.163,0.125,0.116,0.115,0.111,0.112,0.108,0.110,0.106,0.109,0.133,0.144,0.140,0.139,0.146,0.125,0.127,0.131,0.129,0.090,0.107,0.105,0.101,0.102,0.101,0.097,0.099,0.102,0.102,0.083,0.111,0.105,0.099,0.104,0.093,0.096,0.099,0.099,0.090,0.101,0.120,0.104,0.091,0.091,0.093,0.093,0.087,0.091,0.092,0.092,0.108,0.098,0.096,0.099,0.090,0.090,0.092,0.093,0.098,0.102,0.126,0.102,0.097,0.096,0.098,0.096,0.091,0.094,0.111,0.097
01 12:04:09,0.000,0.101,0.119,0.112,0.115,0.114,0.110,0.106,0.112,0.110,0.082,0.117,0.103,0.102,0.101,0.095,0.102,0.099,0.099,0.090,0.110,0.147,0.099,0.100,0.104,0.105,0.105,0.097,0.098,0.095,0.094,0.119,0.099,0.097,0.105,0.112,0.094,0.095,0.097,0.094,0.111,0.157,0.118,0.102,0.097,0.101,0.103,0.096,0.096,0.094,0.100,0.119,0.106,0.103,0.104,0.102,0.111,0.114,0.116,0.094,0.109,0.157,0.113,0.110,0.109,0.112,0.103,0.126,0.132,0.139,0.127,0.138,0.123,0.117,0.116,0.115,0.120,0.124,0.123,0.102,0.120,0.162,0.125,0.115,0.114,0.111,0.112,0.108,0.110,0.106,0.109,0.134,0.145,0.139,0.140,0.145,0.126,0.127,0.131,0.129,0.090,0.106,0.105,0.100,0.102,0.101,0.097,0.098,0.101,0.101,0.084,0.111,0.104,0.099,0.103,0.093,0.095,0.098,0.099,0.089,0.101,0.119,0.104,0.090,0.091,0.093,0.093,0.087,0.091,0.091,0.092,0.108,0.098,0.096,0.098,0.090,0.090,0.092,0.093,0.098,0.101,0.125,0.102,0.097,0.096,0.098,0.095,0.090,0.094,0.111,0.097
01 12:34:09,0.000,0.101,0.119,0.111,0.115,0.113,0.110,0.105,0.111,0.111,0.082,0.116,0.103,0.101,0.100,0.095,0.100,0.099,0.099,0.090,0.110,0.148,0.100,0.099,0.104,0.104,0.104,0.097,0.098,0.094,0.093,0.118,0.098,0.096,0.104,0.111,0.093,0.094,0.097,0.093,0.110,0.160,0.116,0.101,0.097,0.101,0.102,0.095,0.094,0.093,0.099,0.118,0.105,0.103,0.104,0.101,0.111,0.112,0.115,0.093,0.108,0.157,0.119,0.110,0.109,0.111,0.103,0.125,0.132,0.138,0.126,0.137,0.123,0.116,0.115,0.115,0.119,0.123,0.123,0.102,0.120,0.163,0.125,0.114,0.114,0.111,0.111,0.108,0.109,0.102,0.108,0.133,0.144,0.138,0.139,0.144,0.125,0.126,0.130,0.129,0.090,0.107,0.105,0.100,0.102,0.101,0.097,0.098,0.101,0.101,0.083,0.110,0.104,0.099,0.103,0.093,0.095,0.098,0.099,0.089,0.100,0.120,0.103,0.090,0.091,0.093,0.093,0.087,0.091,0.091,0.092,0.108,0.098,0.095,0.098,0.090,0.090,0.092,0.093,0.098,0.101,0.125,0.102,0.097,0.096,0.098,0.095,0.090,0.093,0.111,0.097
01 13:04:09,0.000,0.102,0.119,0.111,0.115,0.114,0.110,0.105,0.111,0.110,0.082,0.116,0.102,0.101,0.101,0.095,0.100,0.099,0.098,0.090,0.109,0.148,0.100,0.099,0.103,0.104,0.104,0.097,0.098,0.096,0.093,0.117,0.098,0.095,0.102,0.112,0.093,0.094,0.096,0.093,0.110,0.153,0.113,0.100,0.097,0.099,0.101,0.095,0.093,0.094,0.099,0.118,0.105,0.103,0.104,0.101,0.109,0.111,0.114,0.093,0.109,0.157,0.113,0.109,0.109,0.112,0.103,0.123,0.131,0.137,0.126,0.137,0.123,0.116,0.114,0.115,0.118,0.122,0.124,0.102,0.119,0.161,0.124,0.114,0.112,0.110,0.110,0.107,0.108,0.101,0.108,0.134,0.145,0.139,0.139,0.144,0.125,0.126,0.130,0.128,0.090,0.107,0.105,0.100,0.102,0.101,0.097,0.098,0.100,0.100,0.083,0.111,0.104,0.099,0.103,0.093,0.095,0.097,0.099,0.089,0.100,0.120,0.104,0.090,0.091,0.093,0.093,0.087,0.090,0.091,0.092,0.108,0.099,0.095,0.098,0.090,0.090,0.092,0.092,0.098,0.101,0.125,0.102,0.097,0.095,0.098,0.095,0.090,0.093,0.110,0.096
01 13:34:09,0.000,0.101,0.119,0.110,0.114,0.113,0.109,0.104,0.110,0.109,0.082,0.116,0.102,0.101,0.100,0.095,0.099,0.099,0.098,0.089,0.108,0.145,0.100,0.099,0.103,0.103,0.103,0.097,0.097,0.096,0.092,0.117,0.097,0.095,0.104,0.111,0.093,0.093,0.096,0.092,0.109,0.150,0.110,0.100,0.096,0.099,0.100,0.094,0.092,0.093,0.098,0.118,0.105,0.103,0.104,0.101,0.109,0.112,0.114,0.093,0.109,0.156,0.112,0.109,0.109,0.111,0.103,0.124,0.130,0.136,0.125,0.136,0.122,0.115,0.114,0.114,0.118,0.122,0.122,0.101,0.119,0.160,0.124,0.114,0.112,0.110,0.110,0.107,0.108,0.101,0.108,0.133,0.143,0.138,0.138,0.145,0.125,0.125,0.130,0.128,0.090,0.107,0.104,0.100,0.102,0.101,0.097,0.098,0.099,0.100,0.083,0.111,0.103,0.098,0.103,0.092,0.095,0.097,0.098,0.089,0.100,0.119,0.103,0.090,0.090,0.093,0.093,0.087,0.090,0.091,0.092,0.108,0.098,0.095,0.098,0.090,0.090,0.092,0.093,0.098,0.100,0.125,0.102,0.097,0.095,0.098,0.095,0.090,0.093,0.110,0.096
01 14:04:09,0.000,0.101,0.119,0.111,0.114,0.113,0.108,0.105,0.110,0.110,0.082,0.117,0.102,0.101,0.100,0.095,0.099,0.099,0.099,0.090,0.108,0.145,0.099,0.099,0.102,0.103,0.103,0.097,0.098,0.096,0.092,0.116,0.097,0.094,0.102,0.113,0.093,0.093,0.096,0.092,0.109,0.151,0.109,0.101,0.096,0.098,0.100,0.094,0.092,0.093,0.098,0.119,0.105,0.103,0.103,0.101,0.110,0.111,0.113,0.093,0.109,0.156,0.113,0.109,0.109,0.111,0.103,0.125,0.130,0.136,0.125,0.136,0.121,0.115,0.114,0.114,0.117,0.121,0.124,0.101,0.119,0.159,0.124,0.113,0.112,0.110,0.110,0.107,0.108,0.101,0.108,0.133,0.143,0.138,0.138,0.144,0.125,0.126,0.130,0.128,0.090,0.107,0.105,0.100,0.101,0.100,0.097,0.098,0.100,0.100,0.083,0.111,0.103,0.098,0.103,0.093,0.095,0.097,0.098,0.089,0.100,0.120,0.104,0.090,0.091,0.093,0.093,0.087,0.090,0.091,0.092,0.108,0.098,0.095,0.098,0.090,0.090,0.092,0.093,0.098,0.100,0.125,0.103,0.097,0.096,0.098,0.095,0.090,0.093,0.111,0.096
01 14:34:09,0.000,0.101,0.119,0.110,0.114,0.112,0.108,0.104,0.110,0.109,0.082,0.116,0.102,0.101,0.100,0.095,0.099,0.098,0.099,0.089,0.107,0.146,0.099,0.098,0.102,0.102,0.102,0.097,0.098,0.097,0.092,0.115,0.096,0.095,0.104,0.112,0.093,0.092,0.095,0.092,0.109,0.150,0.106,0.116,0.096,0.098,0.100,0.094,0.092,0.092,0.097,0.118,0.104,0.103,0.103,0.101,0.110,0.112,0.114,0.093,0.109,0.154,0.112,0.109,0.109,0.110,0.103,0.123,0.129,0.135,0.125,0.136,0.121,0.114,0.114,0.114,0.115,0.121,0.123,0.101,0.118,0.159,0.124,0.114,0.111,0.110,0.110,0.106,0.108,0.101,0.108,0.132,0.143,0.138,0.137,0.143,0.124,0.125,0.129,0.128,0.090,0.106,0.105,0.100,0.101,0.100,0.097,0.097,0.099,0.100,0.083,0.111,0.103,0.098,0.103,0.093,0.095,0.097,0.098,0.089,0.100,0.119,0.103,0.090,0.090,0.093,0.092,0.087,0.090,0.091,0.092,0.108,0.098,0.096,0.098,0.090,0.090,0.092,0.093,0.098,0.100,0.125,0.103,0.097,0.095,0.098,0.095,0.090,0.093,0.111,0.096
01 15:04:09,0.000,0.100,0.117,0.108,0.112,0.112,0.107,0.104,0.108,0.109,0.082,0.117,0.101,0.101,0.099,0.095,0.099,0.098,0.098,0.089,0.107,0.173,0.099,0.099,0.102,0.103,0.102,0.097,0.098,0.097,0.091,0.115,0.096,0.094,0.101,0.113,0.093,0.092,0.094,0.092,0.109,0.148,0.106,0.099,0.096,0.098,0.098,0.094,0.091,0.091,0.098,0.118,0.104,0.102,0.103,0.101,0.106,0.110,0.114,0.093,0.109,0.155,0.112,0.109,0.108,0.110,0.103,0.123,0.129,0.134,0.125,0.137,0.121,0.114,0.114,0.113,0.115,0.120,0.123,0.101,0.118,0.158,0.124,0.113,0.111,0.109,0.109,0.106,0.108,0.101,0.107,0.134,0.144,0.138,0.137,0.133,0.124,0.125,0.128,0.127,0.090,0.108,0.105,0.099,0.101,0.100,0.096,0.097,0.099,0.100,0.083,0.111,0.103,0.098,0.103,0.093,0.095,0.097,0.098,0.089,0.100,0.119,0.103,0.090,0.091,0.093,0.092,0.086,0.090,0.091,0.091,0.109,0.098,0.095,0.098,0.090,0.090,0.091,0.093,0.098,0.100,0.126,0.103,0.096,0.096,0.098,0.095,0.090,0.093,0.110,0.096
01 15:34:09,0.000,0.101,0.117,0.109,0.112,0.112,0.107,0.104,0.109,0.108,0.082,0.119,0.102,0.101,0.100,0.095,0.099,0.098,0.098,0.090,0.107,0.157,0.099,0.098,0.102,0.102,0.101,0.096,0.098,0.096,0.091,0.115,0.096,0.094,0.104,0.113,0.093,0.092,0.096,0.092,0.107,0.148,0.105,0.105,0.096,0.097,0.098,0.093,0.091,0.090,0.097,0.118,0.104,0.102,0.103,0.101,0.107,0.108,0.113,0.093,0.109,0.155,0.112,0.109,0.108,0.110,0.103,0.123,0.128,0.134,0.124,0.137,0.121,0.114,0.114,0.114,0.114,0.121,0.120,0.100,0.117,0.156,0.123,0.113,0.111,0.109,0.109,0.106,0.108,0.100,0.107,0.134,0.143,0.138,0.138,0.133,0.124,0.125,0.128,0.128,0.090,0.108,0.105,0.099,0.101,0.100,0.097,0.097,0.099,0.100,0.083,0.111,0.103,0.098,0.102,0.092,0.095,0.097,0.097,0.089,0.100,0.119,0.103,0.090,0.090,0.093,0.092,0.086,0.090,0.090,0.091,0.109,0.098,0.095,0.098,0.090,0.090,0.091,0.092,0.098,0.100,0.126,0.103,0.097,0.095,0.098,0.095,0.090,0.093,0.110,0.096
01 16:04:09,0.000,0.102,0.118,0.109,0.114,0.112,0.107,0.104,0.109,0.108,0.082,0.118,0.102,0.101,0.099,0.095,0.099,0.098,0.099,0.089,0.106,0.152,0.100,0.098,0.103,0.102,0.101,0.096,0.098,0.097,0.091,0.115,0.096,0.094,0.105,0.112,0.093,0.092,0.096,0.092,0.107,0.148,0.104,0.104,0.096,0.097,0.098,0.093,0.091,0.090,0.097,0.119,0.103,0.102,0.103,0.101,0.107,0.110,0.113,0.093,0.109,0.154,0.113,0.109,0.108,0.110,0.104,0.122,0.128,0.133,0.124,0.137,0.121,0.114,0.114,0.114,0.115,0.120,0.121,0.101,0.118,0.157,0.123,0.113,0.111,0.109,0.109,0.106,0.108,0.100,0.107,0.134,0.143,0.137,0.137,0.132,0.123,0.125,0.127,0.127,0.090,0.108,0.105,0.099,0.100,0.100,0.096,0.097,0.099,0.099,0.082,0.111,0.103,0.098,0.102,0.093,0.095,0.097,0.097,0.089,0.100,0.119,0.103,0.091,0.091,0.093,0.092,0.087,0.090,0.091,0.091,0.109,0.098,0.096,0.098,0.090,0.090,0.092,0.093,0.098,0.100,0.125,0.103,0.097,0.096,0.098,0.095,0.090,0.093,0.110,0.096
01 16:34:09,0.000,0.101,0.117,0.108,0.113,0.111,0.106,0.104,0.108,0.107,0.082,0.118,0.102,0.100,0.100,0.095,0.099,0.098,0.099,0.089,0.106,0.147,0.100,0.098,0.103,0.104,0.101,0.096,0.098,0.097,0.092,0.115,0.095,0.093,0.104,0.113,0.092,0.092,0.096,0.091,0.106,0.147,0.103,0.105,0.096,0.097,0.097,0.092,0.091,0.090,0.095,0.119,0.104,0.102,0.103,0.101,0.107,0.110,0.113,0.093,0.108,0.153,0.112,0.110,0.108,0.109,0.104,0.122,0.128,0.133,0.124,0.137,0.121,0.114,0.114,0.113,0.114,0.120,0.121,0.101,0.117,0.156,0.123,0.113,0.111,0.109,0.109,0.106,0.108,0.100,0.107,0.134,0.143,0.138,0.137,0.132,0.123,0.125,0.127,0.127,0.090,0.108,0.105,0.099,0.100,0.100,0.096,0.097,0.099,0.099,0.083,0.111,0.103,0.098,0.102,0.093,0.095,0.097,0.097,0.088,0.100,0.119,0.103,0.091,0.091,0.093,0.092,0.086,0.090,0.090,0.091,0.110,0.098,0.095,0.098,0.090,0.090,0.092,0.093,0.098,0.100,0.125,0.103,0.097,0.095,0.098,0.095,0.090,0.093,0.110,0.096
01 17:04:09,0.000,0.101,0.116,0.108,0.113,0.110,0.105,0.103,0.108,0.107,0.082,0.117,0.102,0.100,0.099,0.095,0.099,0.098,0.098,0.090,0.106,0.148,0.100,0.097,0.103,0.104,0.097,0.096,0.098,0.097,0.092,0.115,0.095,0.093,0.106,0.111,0.092,0.091,0.096,0.091,0.106,0.145,0.102,0.107,0.096,0.097,0.097,0.092,0.090,0.090,0.095,0.118,0.104,0.102,0.103,0.101,0.107,0.113,0.113,0.093,0.108,0.153,0.112,0.109,0.108,0.109,0.104,0.121,0.128,0.133,0.123,0.136,0.121,0.114,0.114,0.114,0.114,0.119,0.120,0.101,0.117,0.156,0.124,0.113,0.111,0.109,0.109,0.106,0.107,0.100,0.107,0.134,0.143,0.137,0.137,0.132,0.123,0.125,0.127,0.127,0.090,0.107,0.105,0.099,0.100,0.099,0.096,0.097,0.098,0.099,0.083,0.111,0.103,0.098,0.102,0.093,0.095,0.097,0.097,0.088,0.099,0.119,0.103,0.090,0.090,0.093,0.092,0.086,0.090,0.091,0.091,0.109,0.099,0.095,0.098,0.090,0.090,0.092,0.093,0.098,0.100,0.124,0.103,0.097,0.095,0.098,0.095,0.090,0.093,0.110,0.095
01 17:34:09,0.000,0.100,0.116,0.107,0.112,0.110,0.106,0.103,0.108,0.107,0.082,0.117,0.102,0.100,0.099,0.095,0.099,0.098,0.098,0.089,0.105,0.142,0.100,0.098,0.103,0.103,0.098,0.096,0.098,0.097,0.091,0.114,0.095,0.093,0.105,0.112,0.092,0.091,0.096,0.091,0.106,0.145,0.102,0.102,0.095,0.096,0.097,0.092,0.091,0.090,0.094,0.119,0.104,0.103,0.104,0.101,0.107,0.113,0.113,0.093,0.107,0.155,0.112,0.110,0.108,0.110,0.104,0.122,0.128,0.133,0.123,0.136,0.121,0.114,0.114,0.113,0.114,0.121,0.121,0.101,0.117,0.156,0.123,0.112,0.111,0.109,0.109,0.106,0.107,0.100,0.107,0.134,0.143,0.138,0.137,0.132,0.123,0.124,0.127,0.126,0.090,0.107,0.104,0.098,0.100,0.099,0.096,0.097,0.098,0.099,0.083,0.111,0.103,0.098,0.102,0.093,0.095,0.097,0.097,0.088,0.099,0.119,0.103,0.091,0.091,0.093,0.092,0.086,0.090,0.090,0.091,0.109,0.099,0.096,0.098,0.090,0.090,0.092,0.092,0.098,0.100,0.124,0.102,0.097,0.095,0.097,0.095,0.090,0.093,0.110,0.095
01 18:04:09,0.000,0.100,0.115,0.107,0.112,0.110,0.105,0.103,0.108,0.107,0.082,0.118,0.102,0.100,0.100,0.095,0.099,0.098,0.098,0.090,0.105,0.140,0.101,0.097,0.101,0.103,0.097,0.097,0.098,0.098,0.091,0.114,0.095,0.093,0.102,0.112,0.092,0.091,0.095,0.093,0.106,0.145,0.101,0.099,0.096,0.096,0.097,0.092,0.091,0.090,0.094,0.119,0.104,0.103,0.103,0.101,0.107,0.102,0.112,0.094,0.107,0.151,0.112,0.110,0.108,0.109,0.104,0.121,0.128,0.132,0.122,0.137,0.121,0.114,0.114,0.113,0.115,0.120,0.122,0.100,0.117,0.155,0.123,0.112,0.111,0.109,0.109,0.106,0.108,0.100,0.107,0.136,0.144,0.138,0.138,0.132,0.123,0.124,0.126,0.126,0.091,0.107,0.105,0.098,0.100,0.099,0.096,0.096,0.098,0.098,0.083,0.111,0.103,0.098,0.102,0.093,0.095,0.097,0.097,0.088,0.100,0.119,0.103,0.090,0.091,0.093,0.092,0.086,0.090,0.090,0.091,0.110,0.099,0.096,0.098,0.090,0.090,0.092,0.093,0.098,0.100,0.124,0.103,0.097,0.096,0.098,0.095,0.090,0.093,0.110,0.095
01 18:34:09,0.000,0.102,0.116,0.108,0.113,0.112,0.105,0.102,0.108,0.106,0.083,0.118,0.102,0.100,0.100,0.095,0.099,0.099,0.098,0.089,0.105,0.141,0.101,0.097,0.103,0.103,0.097,0.096,0.098,0.097,0.091,0.115,0.095,0.092,0.105,0.112,0.092,0.091,0.096,0.093,0.106,0.145,0.101,0.098,0.095,0.097,0.097,0.092,0.091,0.090,0.097,0.119,0.104,0.102,0.104,0.101,0.106,0.100,0.112,0.093,0.107,0.151,0.112,0.109,0.108,0.109,0.104,0.122,0.128,0.132,0.123,0.138,0.121,0.114,0.114,0.113,0.114,0.120,0.122,0.100,0.117,0.155,0.124,0.113,0.110,0.109,0.109,0.106,0.108,0.100,0.107,0.136,0.144,0.138,0.137,0.132,0.123,0.125,0.126,0.126,0.091,0.108,0.105,0.098,0.100,0.099,0.096,0.097,0.098,0.098,0.083,0.111,0.103,0.098,0.102,0.093,0.095,0.097,0.097,0.089,0.100,0.119,0.103,0.090,0.091,0.093,0.092,0.087,0.090,0.091,0.091,0.110,0.099,0.096,0.098,0.090,0.090,0.092,0.092,0.098,0.100,0.125,0.103,0.097,0.096,0.098,0.095,0.090,0.093,0.110,0.096
01 19:04:09,0.000,0.101,0.115,0.107,0.112,0.109,0.105,0.102,0.107,0.106,0.082,0.118,0.102,0.102,0.100,0.095,0.099,0.099,0.099,0.090,0.104,0.136,0.101,0.096,0.103,0.103,0.097,0.096,0.098,0.097,0.090,0.114,0.095,0.092,0.104,0.111,0.092,0.090,0.096,0.093,0.105,0.143,0.101,0.097,0.095,0.096,0.097,0.092,0.091,0.089,0.093,0.119,0.104,0.102,0.103,0.101,0.107,0.100,0.112,0.093,0.114,0.149,0.112,0.110,0.108,0.109,0.104,0.122,0.127,0.132,0.123,0.136,0.121,0.114,0.114,0.113,0.114,0.120,0.121,0.100,0.116,0.153,0.123,0.112,0.111,0.109,0.109,0.106,0.108,0.100,0.107,0.134,0.142,0.137,0.137,0.131,0.122,0.124,0.126,0.126,0.091,0.108,0.104,0.098,0.100,0.099,0.096,0.096,0.098,0.098,0.083,0.112,0.103,0.098,0.102,0.093,0.094,0.097,0.096,0.088,0.099,0.119,0.103,0.090,0.091,0.093,0.092,0.087,0.091,0.091,0.091,0.110,0.099,0.096,0.098,0.090,0.090,0.092,0.092,0.098,0.100,0.124,0.103,0.097,0.096,0.098,0.095,0.090,0.093,0.110,0.096
01 19:34:09,0.000,0.101,0.116,0.107,0.112,0.109,0.104,0.102,0.107,0.105,0.083,0.118,0.102,0.103,0.100,0.095,0.099,0.099,0.098,0.089,0.104,0.137,0.101,0.097,0.100,0.106,0.097,0.098,0.098,0.098,0.090,0.115,0.095,0.092,0.102,0.112,0.092,0.090,0.096,0.093,0.105,0.142,0.101,0.099,0.095,0.097,0.097,0.094,0.091,0.090,0.093,0.119,0.104,0.102,0.104,0.101,0.107,0.101,0.112,0.093,0.107,0.148,0.112,0.110,0.107,0.109,0.104,0.122,0.128,0.132,0.122,0.137,0.121,0.114,0.114,0.113,0.114,0.120,0.122,0.100,0.116,0.154,0.123,0.112,0.110,0.109,0.109,0.106,0.108,0.100,0.106,0.134,0.142,0.137,0.136,0.130,0.122,0.124,0.125,0.125,0.091,0.108,0.105,0.098,0.100,0.098,0.095,0.096,0.098,0.098,0.083,0.112,0.103,0.098,0.102,0.093,0.094,0.097,0.096,0.088,0.099,0.118,0.102,0.090,0.091,0.092,0.092,0.087,0.091,0.091,0.091,0.110,0.099,0.095,0.098,0.091,0.090,0.092,0.093,0.098,0.100,0.124,0.104,0.097,0.096,0.098,0.095,0.090,0.093,0.110,0.096
01 20:04:09,0.000,0.102,0.115,0.107,0.112,0.109,0.105,0.102,0.108,0.105,0.083,0.118,0.103,0.103,0.100,0.095,0.099,0.099,0.099,0.090,0.104,0.142,0.101,0.097,0.103,0.106,0.097,0.097,0.098,0.098,0.090,0.114,0.095,0.092,0.106,0.111,0.092,0.090,0.096,0.093,0.104,0.142,0.100,0.100,0.095,0.096,0.096,0.092,0.091,0.089,0.093,0.119,0.104,0.102,0.104,0.101,0.107,0.101,0.112,0.094,0.107,0.149,0.113,0.110,0.108,0.109,0.105,0.121,0.128,0.132,0.122,0.137,0.121,0.114,0.114,0.113,0.114,0.120,0.122,0.100,0.116,0.153,0.124,0.112,0.110,0.109,0.109,0.106,0.108,0.100,0.106,0.134,0.143,0.137,0.137,0.131,0.122,0.124,0.125,0.125,0.091,0.108,0.104,0.098,0.100,0.098,0.095,0.096,0.098,0.098,0.083,0.112,0.103,0.098,0.102,0.093,0.095,0.097,0.096,0.088,0.099,0.118,0.103,0.090,0.091,0.092,0.092,0.086,0.091,0.091,0.091,0.110,0.099,0.096,0.098,0.091,0.090,0.092,0.093,0.098,0.100,0.124,0.103,0.097,0.095,0.097,0.095,0.090,0.093,0.110,0.096
01 20:34:09,0.000,0.102,0.115,0.106,0.112,0.108,0.104,0.102,0.108,0.105,0.083,0.118,0.103,0.103,0.100,0.095,0.099,0.098,0.099,0.090,0.103,0.162,0.101,0.097,0.103,0.106,0.097,0.097,0.098,0.098,0.090,0.114,0.095,0.092,0.106,0.111,0.092,0.090,0.096,0.093,0.104,0.142,0.100,0.107,0.095,0.096,0.096,0.092,0.091,0.088,0.092,0.119,0.104,0.102,0.104,0.101,0.107,0.101,0.112,0.093,0.106,0.148,0.112,0.110,0.108,0.108,0.105,0.121,0.127,0.132,0.122,0.136,0.122,0.114,0.114,0.113,0.114,0.120,0.121,0.100,0.116,0.154,0.124,0.112,0.110,0.109,0.109,0.106,0.109,0.100,0.106,0.135,0.144,0.138,0.137,0.131,0.123,0.124,0.125,0.126,0.091,0.108,0.104,0.098,0.099,0.097,0.095,0.096,0.098,0.098,0.083,0.112,0.103,0.098,0.102,0.093,0.094,0.097,0.096,0.088,0.099,0.118,0.103,0.090,0.091,0.092,0.092,0.086,0.091,0.091,0.091,0.110,0.099,0.096,0.098,0.091,0.090,0.092,0.092,0.098,0.100,0.124,0.103,0.097,0.095,0.097,0.095,0.090,0.093,0.110,0.095
01 21:04:09,0.000,0.102,0.114,0.106,0.111,0.108,0.104,0.101,0.108,0.104,0.083,0.118,0.103,0.103,0.100,0.095,0.100,0.098,0.098,0.090,0.103,0.151,0.101,0.097,0.103,0.106,0.097,0.097,0.099,0.098,0.090,0.114,0.095,0.092,0.106,0.111,0.092,0.093,0.097,0.093,0.104,0.142,0.099,0.106,0.095,0.096,0.096,0.092,0.092,0.089,0.092,0.120,0.104,0.103,0.104,0.101,0.107,0.100,0.112,0.094,0.107,0.149,0.112,0.110,0.108,0.109,0.105,0.122,0.127,0.133,0.122,0.137,0.122,0.114,0.114,0.114,0.114,0.120,0.122,0.100,0.116,0.156,0.123,0.112,0.110,0.109,0.109,0.106,0.109,0.100,0.106,0.134,0.143,0.137,0.138,0.130,0.122,0.124,0.125,0.125,0.092,0.108,0.104,0.098,0.099,0.098,0.095,0.096,0.098,0.098,0.083,0.111,0.103,0.098,0.102,0.093,0.095,0.097,0.097,0.089,0.099,0.119,0.103,0.090,0.091,0.093,0.092,0.087,0.091,0.091,0.091,0.111,0.099,0.096,0.098,0.091,0.090,0.092,0.093,0.098,0.100,0.125,0.104,0.097,0.095,0.098,0.095,0.090,0.093,0.110,0.096
01 21:34:09,0.000,0.103,0.114,0.106,0.110,0.107,0.104,0.101,0.107,0.104,0.083,0.118,0.102,0.103,0.100,0.095,0.099,0.099,0.098,0.091,0.103,0.136,0.101,0.097,0.103,0.106,0.097,0.097,0.099,0.098,0.090,0.114,0.095,0.092,0.104,0.111,0.092,0.094,0.096,0.093,0.103,0.141,0.099,0.098,0.095,0.096,0.096,0.092,0.093,0.089,0.092,0.119,0.104,0.102,0.103,0.100,0.107,0.100,0.112,0.093,0.106,0.148,0.112,0.110,0.108,0.109,0.105,0.120,0.128,0.131,0.122,0.135,0.121,0.114,0.114,0.113,0.114,0.119,0.122,0.100,0.115,0.155,0.124,0.112,0.110,0.108,0.109,0.106,0.108,0.100,0.106,0.134,0.143,0.137,0.138,0.130,0.122,0.124,0.124,0.125,0.091,0.109,0.103,0.098,0.099,0.097,0.095,0.095,0.098,0.098,0.083,0.111,0.103,0.098,0.102,0.093,0.095,0.097,0.096,0.088,0.099,0.119,0.102,0.090,0.091,0.092,0.092,0.087,0.091,0.091,0.090,0.110,0.099,0.096,0.098,0.091,0.090,0.092,0.092,0.098,0.100,0.124,0.103,0.097,0.095,0.097,0.095,0.090,0.093,0.110,0.095
01 22:04:09,0.000,0.103,0.115,0.106,0.110,0.107,0.104,0.101,0.107,0.104,0.083,0.118,0.102,0.103,0.100,0.095,0.099,0.099,0.098,0.090,0.102,0.136,0.103,0.097,0.103,0.106,0.097,0.097,0.098,0.098,0.089,0.114,0.095,0.092,0.107,0.111,0.092,0.093,0.097,0.093,0.103,0.141,0.099,0.097,0.095,0.096,0.096,0.092,0.094,0.088,0.092,0.119,0.104,0.102,0.104,0.101,0.107,0.100,0.112,0.093,0.106,0.147,0.112,0.109,0.107,0.109,0.105,0.122,0.127,0.132,0.121,0.136,0.121,0.114,0.114,0.113,0.114,0.120,0.121,0.100,0.115,0.154,0.124,0.112,0.110,0.109,0.109,0.106,0.103,0.100,0.106,0.133,0.142,0.136,0.137,0.129,0.122,0.124,0.125,0.125,0.091,0.109,0.104,0.098,0.099,0.098,0.095,0.095,0.097,0.098,0.084,0.111,0.103,0.098,0.102,0.093,0.095,0.097,0.097,0.089,0.099,0.119,0.103,0.090,0.091,0.093,0.092,0.087,0.091,0.091,0.091,0.110,0.098,0.096,0.098,0.091,0.090,0.092,0.093,0.098,0.100,0.125,0.104,0.097,0.095,0.098,0.095,0.090,0.093,0.110,0.095
01 22:34:09,0.000,0.103,0.114,0.105,0.110,0.107,0.103,0.101,0.106,0.104,0.083,0.118,0.103,0.103,0.100,0.095,0.100,0.099,0.099,0.090,0.102,0.153,0.103,0.097,0.103,0.106,0.096,0.097,0.099,0.098,0.089,0.114,0.094,0.092,0.106,0.111,0.101,0.094,0.098,0.093,0.102,0.141,0.100,0.099,0.095,0.096,0.096,0.092,0.094,0.089,0.091,0.120,0.104,0.102,0.103,0.101,0.107,0.101,0.112,0.094,0.105,0.147,0.113,0.109,0.108,0.109,0.105,0.120,0.127,0.131,0.122,0.136,0.121,0.114,0.114,0.113,0.114,0.119,0.122,0.100,0.114,0.154,0.125,0.113,0.110,0.109,0.109,0.106,0.103,0.100,0.106,0.134,0.142,0.136,0.136,0.129,0.122,0.124,0.124,0.124,0.091,0.109,0.104,0.098,0.099,0.098,0.095,0.095,0.097,0.097,0.083,0.112,0.103,0.098,0.101,0.093,0.094,0.097,0.096,0.089,0.099,0.119,0.102,0.090,0.090,0.093,0.092,0.087,0.091,0.091,0.090,0.111,0.098,0.096,0.097,0.091,0.090,0.092,0.093,0.098,0.100,0.124,0.103,0.097,0.095,0.098,0.095,0.090,0.093,0.110,0.095
01 23:04:09,0.000,0.104,0.114,0.106,0.110,0.108,0.103,0.101,0.106,0.103,0.083,0.118,0.102,0.103,0.100,0.095,0.099,0.099,0.098,0.090,0.102,0.161,0.103,0.097,0.104,0.107,0.097,0.097,0.099,0.098,0.089,0.114,0.095,0.092,0.107,0.111,0.100,0.094,0.097,0.093,0.102,0.140,0.099,0.096,0.095,0.096,0.096,0.092,0.094,0.088,0.091,0.120,0.104,0.102,0.103,0.101,0.107,0.100,0.112,0.094,0.105,0.146,0.113,0.110,0.108,0.110,0.105,0.121,0.127,0.132,0.121,0.137,0.121,0.114,0.114,0.113,0.114,0.120,0.122,0.100,0.114,0.154,0.124,0.112,0.110,0.109,0.109,0.106,0.104,0.100,0.106,0.134,0.143,0.137,0.136,0.129,0.122,0.124,0.125,0.124,0.091,0.109,0.104,0.098,0.098,0.098,0.095,0.095,0.097,0.097,0.083,0.112,0.103,0.098,0.102,0.093,0.095,0.097,0.096,0.089,0.099,0.119,0.103,0.090,0.091,0.093,0.092,0.087,0.091,0.091,0.090,0.111,0.099,0.096,0.098,0.091,0.090,0.092,0.093,0.098,0.100,0.124,0.103,0.096,0.095,0.098,0.095,0.090,0.093,0.110,0.095
01 23:34:09,0.000,0.103,0.113,0.105,0.110,0.107,0.103,0.100,0.106,0.103,0.083,0.119,0.102,0.103,0.100,0.095,0.099,0.099,0.099,0.090,0.101,0.158,0.103,0.096,0.104,0.107,0.097,0.097,0.099,0.098,0.089,0.115,0.094,0.091,0.107,0.111,0.100,0.093,0.097,0.093,0.102,0.139,0.099,0.097,0.095,0.096,0.096,0.092,0.093,0.088,0.091,0.120,0.104,0.102,0.104,0.101,0.107,0.100,0.112,0.094,0.105,0.145,0.113,0.110,0.108,0.109,0.105,0.122,0.127,0.132,0.122,0.137,0.121,0.114,0.114,0.113,0.114,0.120,0.122,0.100,0.114,0.152,0.124,0.112,0.110,0.109,0.109,0.106,0.104,0.101,0.105,0.134,0.142,0.136,0.135,0.129,0.121,0.124,0.124,0.124,0.091,0.108,0.104,0.097,0.099,0.097,0.094,0.095,0.096,0.097,0.083,0.112,0.103,0.098,0.100,0.093,0.094,0.097,0.096,0.088,0.099,0.119,0.103,0.090,0.090,0.093,0.092,0.087,0.091,0.091,0.090,0.111,0.098,0.096,0.097,0.090,0.090,0.091,0.093,0.098,0.099,0.124,0.103,0.096,0.095,0.098,0.095,0.090,0.093,0.110,0.095
02 00:04:10,0.000,0.104,0.114,0.105,0.110,0.107,0.103,0.100,0.106,0.103,0.083,0.119,0.103,0.104,0.101,0.096,0.100,0.099,0.099,0.091,0.101,0.172,0.103,0.096,0.103,0.107,0.097,0.097,0.100,0.099,0.089,0.114,0.095,0.094,0.106,0.111,0.101,0.093,0.097,0.094,0.102,0.139,0.099,0.099,0.096,0.096,0.096,0.092,0.094,0.088,0.092,0.121,0.105,0.103,0.104,0.101,0.107,0.101,0.113,0.094,0.105,0.146,0.114,0.110,0.108,0.109,0.106,0.121,0.127,0.132,0.123,0.137,0.122,0.114,0.114,0.113,0.114,0.120,0.123,0.101,0.114,0.152,0.125,0.113,0.110,0.109,0.109,0.106,0.104,0.101,0.106,0.135,0.143,0.137,0.136,0.129,0.121,0.124,0.124,0.124,0.092,0.109,0.104,0.097,0.098,0.097,0.095,0.095,0.097,0.097,0.083,0.112,0.103,0.098,0.100,0.093,0.095,0.097,0.096,0.089,0.099,0.119,0.103,0.090,0.091,0.093,0.092,0.087,0.091,0.091,0.090,0.112,0.099,0.096,0.098,0.090,0.090,0.092,0.093,0.098,0.100,0.124,0.104,0.097,0.095,0.097,0.095,0.090,0.093,0.110,0.095
