Time,Blank,101,102,103,104,105,106,107,108,109,110,111,112,113,114,115,116,117,118,119,120,121,122,123,124,125,126,127,128,129,130,131,132,133,134,135,136,137,138,139,140,141,142,143,144,145,146,147,148,149,150,151,152,153,154,155,156,157,158,159,160,161,162,163,164,165,166,167,168,169,170,171,172,173,174,175,176,177,178,179,180,181,182,183,184,185,186,187,188,189,190,191,192,193,194,195,196,197,198,199,200,201,202,203,204,205,206,207,208,209,210,211,212,213,214,215,216,217,218,219,220,221,222,223,224,225,226,227,228,229,230,231,232,233,234,235,236,237,238,239,240,241,242,243,244,245,246,247,248,249,250,251,252,253,254,255,256,257,258,259,260,261,262,263,264,265,266,267,268,269,270,271,272,273,274,275,276,277,278,279,280,281,282,283,284,285,286,287,288,289,290,291,292,293,294,295,296,297,298,299,300
00:04:06,0.000,0.089,0.100,0.100,0.099,0.099,0.101,0.102,0.103,0.105,0.090,0.112,0.104,0.104,0.104,0.100,0.100,0.101,0.101,0.103,0.112,0.103,0.109,0.102,0.099,0.102,0.103,0.101,0.106,0.107,0.099,0.106,0.104,0.099,0.100,0.102,0.098,0.101,0.102,0.100,0.103,0.108,0.101,0.101,0.102,0.104,0.104,0.106,0.100,0.104,0.105,0.109,0.109,0.106,0.104,0.106,0.107,0.103,0.106,0.107,0.103,0.115,0.114,0.112,0.113,0.113,0.109,0.108,0.109,0.107,0.108,0.122,0.113,0.113,0.115,0.107,0.107,0.108,0.106,0.109,0.113,0.111,0.109,0.113,0.108,0.107,0.111,0.108,0.120,0.118,0.103,0.111,0.121,0.129,0.115,0.112,0.111,0.110,0.110,0.112,0.092,0.095,0.108,0.108,0.108,0.099,0.102,0.105,0.101,0.109,0.096,0.117,0.110,0.105,0.105,0.099,0.100,0.104,0.102,0.107,0.107,0.113,0.110,0.108,0.101,0.104,0.106,0.101,0.103,0.106,0.100,0.114,0.113,0.103,0.105,0.107,0.103,0.105,0.106,0.103,0.108,0.122,0.107,0.105,0.108,0.106,0.108,0.111,0.111,0.109,0.111,0.127,0.129,0.118,0.108,0.111,0.112,0.099,0.103,0.106,0.109,0.116,0.115,0.116,0.117,0.118,0.113,0.110,0.117,0.111,0.111,0.131,0.114,0.113,0.115,0.114,0.119,0.120,0.110,0.115,0.131,0.109,0.108,0.110,0.104,0.097,0.101,0.113,0.138,0.099,0.100,0.132,0.123,0.120,0.157,0.114,0.102,0.110,0.105,0.105,0.101
00:34:07,0.000,0.090,0.101,0.101,0.099,0.100,0.100,0.101,0.103,0.106,0.088,0.113,0.104,0.104,0.105,0.101,0.101,0.102,0.102,0.104,0.110,0.105,0.107,0.102,0.100,0.103,0.102,0.101,0.104,0.107,0.100,0.109,0.105,0.099,0.099,0.101,0.098,0.101,0.101,0.101,0.104,0.111,0.104,0.102,0.102,0.102,0.103,0.106,0.100,0.104,0.106,0.112,0.108,0.106,0.105,0.106,0.107,0.103,0.107,0.108,0.104,0.119,0.117,0.113,0.113,0.113,0.109,0.108,0.110,0.106,0.108,0.124,0.114,0.114,0.116,0.108,0.109,0.109,0.106,0.110,0.115,0.113,0.113,0.117,0.110,0.109,0.114,0.108,0.118,0.116,0.102,0.114,0.126,0.133,0.120,0.115,0.115,0.110,0.111,0.113,0.090,0.095,0.109,0.108,0.108,0.098,0.101,0.103,0.101,0.109,0.091,0.119,0.109,0.105,0.106,0.099,0.100,0.104,0.103,0.104,0.106,0.114,0.108,0.106,0.100,0.104,0.106,0.099,0.101,0.103,0.099,0.112,0.109,0.102,0.103,0.105,0.102,0.103,0.105,0.103,0.107,0.122,0.106,0.103,0.105,0.104,0.108,0.110,0.110,0.110,0.112,0.127,0.124,0.116,0.107,0.109,0.110,0.096,0.099,0.102,0.108,0.117,0.114,0.115,0.116,0.116,0.112,0.110,0.115,0.108,0.109,0.133,0.115,0.112,0.115,0.116,0.119,0.119,0.110,0.113,0.125,0.110,0.107,0.109,0.102,0.098,0.101,0.109,0.126,0.097,0.097,0.133,0.123,0.119,0.148,0.113,0.103,0.107,0.103,0.103,0.098
01:04:07,0.000,0.088,0.101,0.103,0.100,0.101,0.101,0.101,0.105,0.106,0.088,0.113,0.105,0.105,0.107,0.102,0.103,0.103,0.102,0.105,0.109,0.104,0.105,0.103,0.102,0.103,0.104,0.102,0.105,0.108,0.100,0.106,0.105,0.100,0.100,0.103,0.098,0.101,0.102,0.101,0.104,0.109,0.103,0.102,0.103,0.102,0.104,0.107,0.100,0.106,0.107,0.109,0.107,0.106,0.104,0.106,0.107,0.104,0.109,0.110,0.106,0.116,0.117,0.112,0.112,0.113,0.108,0.108,0.110,0.105,0.108,0.119,0.111,0.112,0.113,0.107,0.108,0.110,0.106,0.110,0.115,0.110,0.111,0.114,0.108,0.108,0.111,0.107,0.114,0.113,0.102,0.105,0.120,0.126,0.115,0.113,0.114,0.107,0.109,0.111,0.089,0.091,0.107,0.106,0.108,0.099,0.101,0.103,0.101,0.108,0.089,0.114,0.108,0.105,0.106,0.100,0.101,0.106,0.103,0.105,0.105,0.110,0.106,0.106,0.101,0.105,0.108,0.101,0.102,0.104,0.100,0.108,0.106,0.102,0.103,0.105,0.102,0.104,0.105,0.104,0.106,0.117,0.105,0.103,0.105,0.106,0.108,0.111,0.110,0.112,0.113,0.119,0.119,0.114,0.104,0.108,0.109,0.095,0.098,0.099,0.109,0.112,0.112,0.113,0.114,0.115,0.110,0.109,0.113,0.106,0.108,0.123,0.110,0.108,0.110,0.114,0.116,0.116,0.110,0.111,0.122,0.101,0.099,0.099,0.096,0.093,0.096,0.101,0.109,0.094,0.092,0.118,0.111,0.108,0.127,0.104,0.097,0.102,0.099,0.098,0.096
01:34:07,0.000,0.091,0.104,0.103,0.102,0.102,0.102,0.102,0.107,0.107,0.087,0.116,0.108,0.107,0.109,0.104,0.104,0.105,0.103,0.105,0.109,0.107,0.108,0.106,0.104,0.105,0.107,0.104,0.107,0.110,0.102,0.111,0.109,0.102,0.102,0.105,0.100,0.103,0.103,0.102,0.105,0.113,0.106,0.106,0.106,0.104,0.105,0.108,0.101,0.107,0.109,0.114,0.111,0.108,0.107,0.108,0.109,0.106,0.111,0.112,0.107,0.123,0.123,0.116,0.116,0.116,0.111,0.110,0.112,0.107,0.109,0.127,0.117,0.117,0.118,0.111,0.112,0.112,0.108,0.111,0.116,0.115,0.117,0.119,0.112,0.111,0.115,0.110,0.117,0.116,0.103,0.115,0.129,0.134,0.122,0.118,0.118,0.111,0.112,0.113,0.089,0.095,0.111,0.109,0.110,0.101,0.103,0.104,0.102,0.109,0.089,0.119,0.111,0.108,0.108,0.102,0.103,0.109,0.105,0.107,0.107,0.114,0.109,0.108,0.103,0.107,0.110,0.103,0.104,0.106,0.101,0.112,0.109,0.104,0.105,0.107,0.104,0.105,0.106,0.106,0.107,0.122,0.108,0.106,0.108,0.109,0.110,0.113,0.113,0.113,0.115,0.128,0.124,0.118,0.108,0.111,0.111,0.098,0.101,0.101,0.111,0.117,0.116,0.116,0.117,0.118,0.113,0.112,0.116,0.108,0.110,0.133,0.117,0.113,0.114,0.119,0.120,0.119,0.113,0.114,0.123,0.107,0.104,0.105,0.100,0.097,0.100,0.104,0.114,0.095,0.094,0.130,0.122,0.118,0.136,0.113,0.105,0.107,0.103,0.101,0.097
02:04:07,0.000,0.091,0.104,0.105,0.103,0.104,0.103,0.104,0.109,0.110,0.090,0.119,0.110,0.110,0.113,0.105,0.106,0.107,0.105,0.107,0.112,0.109,0.109,0.108,0.106,0.107,0.109,0.105,0.109,0.112,0.104,0.112,0.110,0.103,0.104,0.107,0.101,0.104,0.104,0.104,0.107,0.114,0.107,0.107,0.107,0.105,0.107,0.111,0.103,0.109,0.111,0.115,0.113,0.109,0.108,0.110,0.111,0.108,0.114,0.114,0.110,0.126,0.125,0.118,0.118,0.118,0.113,0.112,0.115,0.109,0.112,0.129,0.118,0.118,0.121,0.113,0.114,0.115,0.111,0.114,0.120,0.118,0.119,0.122,0.113,0.114,0.119,0.112,0.120,0.120,0.105,0.116,0.131,0.139,0.127,0.121,0.122,0.114,0.116,0.118,0.092,0.096,0.113,0.112,0.112,0.102,0.105,0.106,0.104,0.112,0.093,0.122,0.113,0.109,0.110,0.104,0.106,0.112,0.108,0.109,0.110,0.115,0.111,0.110,0.106,0.109,0.112,0.107,0.107,0.109,0.103,0.116,0.112,0.106,0.108,0.109,0.106,0.107,0.109,0.108,0.110,0.127,0.111,0.108,0.110,0.111,0.113,0.117,0.116,0.117,0.119,0.132,0.128,0.121,0.111,0.114,0.114,0.099,0.102,0.104,0.115,0.122,0.121,0.119,0.121,0.122,0.117,0.115,0.121,0.112,0.115,0.140,0.121,0.118,0.122,0.124,0.125,0.123,0.117,0.119,0.128,0.113,0.108,0.109,0.102,0.099,0.104,0.110,0.123,0.099,0.098,0.133,0.123,0.121,0.145,0.116,0.106,0.110,0.107,0.105,0.100
02:34:07,0.000,0.094,0.107,0.106,0.104,0.105,0.104,0.105,0.111,0.111,0.089,0.122,0.112,0.113,0.116,0.106,0.107,0.108,0.106,0.108,0.112,0.115,0.113,0.111,0.108,0.110,0.111,0.107,0.111,0.114,0.105,0.119,0.114,0.107,0.107,0.110,0.103,0.105,0.106,0.105,0.109,0.121,0.112,0.110,0.111,0.108,0.109,0.112,0.104,0.110,0.112,0.123,0.117,0.112,0.111,0.112,0.113,0.110,0.116,0.116,0.112,0.135,0.132,0.122,0.122,0.122,0.117,0.115,0.117,0.111,0.113,0.139,0.126,0.124,0.126,0.117,0.118,0.118,0.113,0.116,0.122,0.127,0.127,0.129,0.119,0.119,0.123,0.116,0.124,0.123,0.107,0.125,0.142,0.148,0.136,0.127,0.127,0.118,0.119,0.121,0.092,0.101,0.118,0.115,0.116,0.105,0.107,0.108,0.105,0.113,0.093,0.129,0.117,0.113,0.113,0.107,0.109,0.115,0.109,0.111,0.111,0.121,0.115,0.113,0.108,0.112,0.115,0.109,0.110,0.111,0.105,0.124,0.116,0.109,0.110,0.112,0.110,0.110,0.111,0.110,0.111,0.132,0.115,0.111,0.113,0.115,0.116,0.119,0.119,0.119,0.121,0.143,0.136,0.126,0.115,0.118,0.118,0.103,0.106,0.106,0.117,0.129,0.128,0.125,0.125,0.126,0.121,0.119,0.124,0.115,0.117,0.149,0.130,0.125,0.130,0.131,0.132,0.129,0.121,0.122,0.130,0.121,0.116,0.117,0.107,0.106,0.110,0.115,0.127,0.101,0.099,0.148,0.135,0.132,0.158,0.126,0.115,0.118,0.112,0.109,0.103
03:04:07,0.000,0.093,0.107,0.107,0.105,0.107,0.105,0.105,0.112,0.112,0.088,0.124,0.113,0.115,0.118,0.108,0.108,0.109,0.106,0.109,0.112,0.114,0.113,0.112,0.110,0.112,0.113,0.109,0.112,0.115,0.106,0.117,0.115,0.108,0.107,0.111,0.105,0.106,0.107,0.106,0.111,0.121,0.112,0.111,0.112,0.108,0.110,0.114,0.105,0.111,0.113,0.119,0.116,0.113,0.111,0.112,0.114,0.111,0.117,0.118,0.113,0.133,0.131,0.123,0.122,0.122,0.117,0.116,0.117,0.110,0.113,0.135,0.123,0.123,0.124,0.117,0.118,0.119,0.114,0.117,0.124,0.124,0.124,0.127,0.116,0.117,0.120,0.114,0.121,0.121,0.106,0.118,0.137,0.142,0.130,0.125,0.125,0.116,0.117,0.118,0.090,0.097,0.118,0.116,0.117,0.106,0.108,0.109,0.106,0.113,0.090,0.126,0.116,0.112,0.113,0.108,0.110,0.116,0.110,0.112,0.113,0.118,0.114,0.113,0.109,0.113,0.116,0.109,0.110,0.112,0.106,0.121,0.116,0.109,0.110,0.112,0.110,0.111,0.112,0.111,0.112,0.128,0.114,0.111,0.113,0.116,0.117,0.120,0.120,0.120,0.122,0.140,0.134,0.125,0.114,0.118,0.118,0.102,0.104,0.104,0.116,0.126,0.127,0.124,0.124,0.125,0.119,0.118,0.122,0.114,0.116,0.144,0.126,0.121,0.123,0.128,0.129,0.127,0.120,0.120,0.129,0.113,0.109,0.109,0.102,0.102,0.104,0.106,0.115,0.098,0.095,0.137,0.127,0.124,0.141,0.119,0.111,0.112,0.107,0.103,0.100
03:34:07,0.000,0.094,0.109,0.109,0.107,0.108,0.106,0.107,0.114,0.115,0.088,0.127,0.115,0.116,0.121,0.110,0.111,0.111,0.108,0.110,0.114,0.117,0.115,0.114,0.112,0.114,0.115,0.111,0.114,0.117,0.108,0.120,0.117,0.110,0.109,0.112,0.107,0.107,0.108,0.108,0.113,0.123,0.114,0.113,0.114,0.110,0.112,0.116,0.106,0.113,0.116,0.121,0.118,0.115,0.113,0.115,0.116,0.113,0.119,0.120,0.115,0.137,0.134,0.126,0.125,0.125,0.119,0.118,0.120,0.112,0.114,0.139,0.127,0.126,0.128,0.120,0.121,0.122,0.116,0.120,0.126,0.127,0.127,0.130,0.119,0.119,0.122,0.116,0.122,0.123,0.107,0.120,0.140,0.145,0.133,0.129,0.128,0.118,0.119,0.120,0.090,0.098,0.120,0.118,0.120,0.108,0.110,0.110,0.106,0.114,0.089,0.129,0.118,0.114,0.114,0.110,0.112,0.119,0.113,0.114,0.116,0.120,0.116,0.115,0.111,0.115,0.118,0.112,0.113,0.114,0.107,0.122,0.117,0.111,0.112,0.113,0.113,0.113,0.114,0.113,0.113,0.130,0.116,0.113,0.115,0.118,0.120,0.122,0.122,0.122,0.124,0.143,0.137,0.128,0.116,0.120,0.120,0.103,0.105,0.105,0.118,0.128,0.130,0.127,0.127,0.128,0.122,0.120,0.125,0.117,0.118,0.147,0.128,0.123,0.125,0.130,0.131,0.130,0.122,0.122,0.132,0.113,0.109,0.109,0.102,0.101,0.103,0.106,0.113,0.097,0.095,0.139,0.128,0.125,0.141,0.120,0.113,0.113,0.107,0.104,0.100
04:04:07,0.000,0.095,0.111,0.113,0.109,0.110,0.108,0.108,0.117,0.117,0.088,0.130,0.118,0.119,0.125,0.112,0.112,0.113,0.110,0.112,0.116,0.121,0.118,0.117,0.115,0.117,0.119,0.113,0.117,0.120,0.110,0.123,0.120,0.112,0.111,0.115,0.109,0.109,0.109,0.111,0.115,0.129,0.117,0.116,0.117,0.112,0.114,0.118,0.108,0.115,0.118,0.125,0.121,0.118,0.116,0.118,0.119,0.116,0.122,0.124,0.118,0.142,0.140,0.130,0.129,0.129,0.122,0.121,0.123,0.115,0.117,0.143,0.131,0.130,0.131,0.123,0.124,0.125,0.119,0.123,0.130,0.131,0.131,0.134,0.121,0.121,0.125,0.118,0.125,0.125,0.109,0.123,0.144,0.149,0.137,0.133,0.133,0.122,0.123,0.124,0.091,0.099,0.123,0.121,0.123,0.110,0.112,0.112,0.108,0.116,0.090,0.131,0.119,0.116,0.116,0.112,0.115,0.122,0.115,0.117,0.119,0.123,0.118,0.118,0.112,0.118,0.121,0.115,0.116,0.117,0.110,0.126,0.121,0.113,0.115,0.116,0.115,0.115,0.116,0.115,0.115,0.133,0.118,0.116,0.117,0.120,0.122,0.126,0.126,0.125,0.127,0.146,0.139,0.131,0.118,0.123,0.123,0.105,0.108,0.107,0.121,0.133,0.133,0.129,0.130,0.131,0.124,0.123,0.128,0.120,0.121,0.151,0.132,0.126,0.128,0.134,0.135,0.133,0.125,0.126,0.134,0.115,0.111,0.111,0.103,0.104,0.105,0.108,0.115,0.098,0.096,0.139,0.129,0.126,0.141,0.121,0.113,0.114,0.108,0.105,0.100
04:34:07,0.000,0.091,0.111,0.111,0.110,0.111,0.109,0.109,0.119,0.120,0.089,0.132,0.119,0.121,0.126,0.114,0.114,0.115,0.111,0.114,0.119,0.120,0.119,0.118,0.117,0.120,0.121,0.115,0.119,0.122,0.112,0.120,0.120,0.111,0.111,0.115,0.109,0.110,0.110,0.113,0.117,0.126,0.116,0.117,0.118,0.112,0.115,0.120,0.109,0.117,0.120,0.121,0.120,0.118,0.116,0.119,0.120,0.118,0.124,0.126,0.121,0.139,0.138,0.130,0.130,0.130,0.123,0.123,0.125,0.115,0.118,0.136,0.126,0.128,0.130,0.123,0.124,0.126,0.120,0.125,0.133,0.129,0.128,0.132,0.120,0.120,0.125,0.118,0.125,0.126,0.109,0.115,0.137,0.144,0.132,0.130,0.132,0.121,0.123,0.124,0.091,0.096,0.123,0.122,0.126,0.111,0.113,0.114,0.109,0.117,0.090,0.128,0.118,0.116,0.117,0.114,0.117,0.124,0.117,0.119,0.121,0.122,0.118,0.118,0.113,0.119,0.123,0.117,0.117,0.119,0.112,0.124,0.121,0.114,0.116,0.117,0.117,0.117,0.118,0.116,0.116,0.133,0.118,0.116,0.119,0.122,0.124,0.128,0.127,0.127,0.129,0.142,0.138,0.132,0.118,0.124,0.124,0.104,0.107,0.106,0.122,0.132,0.131,0.129,0.130,0.132,0.124,0.123,0.129,0.120,0.123,0.148,0.127,0.123,0.125,0.132,0.133,0.132,0.125,0.126,0.135,0.110,0.105,0.105,0.100,0.099,0.101,0.104,0.110,0.096,0.094,0.130,0.121,0.118,0.132,0.113,0.106,0.108,0.104,0.102,0.099
05:04:07,0.000,0.098,0.117,0.116,0.114,0.114,0.112,0.112,0.123,0.123,0.090,0.141,0.125,0.126,0.132,0.117,0.118,0.118,0.114,0.117,0.121,0.133,0.127,0.124,0.123,0.124,0.126,0.119,0.123,0.127,0.116,0.135,0.128,0.117,0.116,0.120,0.112,0.113,0.113,0.117,0.121,0.141,0.124,0.123,0.124,0.117,0.119,0.124,0.113,0.120,0.123,0.136,0.130,0.124,0.123,0.125,0.126,0.123,0.130,0.131,0.125,0.159,0.154,0.140,0.140,0.140,0.131,0.130,0.133,0.121,0.123,0.155,0.143,0.141,0.144,0.131,0.133,0.134,0.127,0.131,0.140,0.145,0.141,0.145,0.130,0.130,0.135,0.126,0.134,0.134,0.114,0.134,0.157,0.165,0.151,0.145,0.145,0.130,0.131,0.133,0.094,0.105,0.133,0.129,0.131,0.115,0.118,0.118,0.112,0.121,0.094,0.143,0.126,0.121,0.122,0.119,0.122,0.129,0.123,0.125,0.127,0.134,0.125,0.123,0.118,0.124,0.128,0.123,0.124,0.125,0.116,0.141,0.130,0.120,0.121,0.122,0.123,0.122,0.123,0.121,0.121,0.149,0.126,0.123,0.125,0.130,0.130,0.134,0.135,0.134,0.136,0.163,0.156,0.143,0.129,0.133,0.132,0.110,0.113,0.113,0.130,0.147,0.147,0.141,0.140,0.142,0.133,0.131,0.138,0.129,0.131,0.170,0.145,0.140,0.144,0.149,0.150,0.145,0.135,0.135,0.142,0.126,0.119,0.120,0.109,0.111,0.115,0.118,0.126,0.103,0.100,0.157,0.141,0.137,0.161,0.130,0.123,0.122,0.116,0.112,0.104
05:34:07,0.000,0.092,0.115,0.115,0.114,0.115,0.113,0.114,0.125,0.126,0.089,0.141,0.125,0.128,0.135,0.119,0.119,0.119,0.116,0.118,0.122,0.128,0.126,0.124,0.124,0.127,0.128,0.121,0.126,0.128,0.118,0.127,0.127,0.116,0.115,0.120,0.112,0.113,0.114,0.118,0.123,0.132,0.122,0.123,0.124,0.117,0.120,0.125,0.113,0.122,0.124,0.126,0.125,0.123,0.122,0.124,0.127,0.124,0.132,0.134,0.127,0.149,0.147,0.138,0.138,0.139,0.130,0.130,0.133,0.119,0.123,0.142,0.133,0.135,0.138,0.129,0.131,0.134,0.126,0.132,0.141,0.135,0.134,0.139,0.124,0.125,0.131,0.124,0.131,0.133,0.113,0.117,0.144,0.152,0.139,0.137,0.139,0.125,0.128,0.130,0.092,0.097,0.130,0.129,0.132,0.115,0.118,0.119,0.112,0.120,0.091,0.134,0.123,0.120,0.121,0.119,0.123,0.130,0.123,0.126,0.128,0.128,0.123,0.123,0.118,0.125,0.130,0.123,0.124,0.127,0.117,0.132,0.127,0.119,0.121,0.123,0.123,0.123,0.125,0.121,0.121,0.140,0.124,0.122,0.125,0.129,0.131,0.135,0.135,0.135,0.137,0.149,0.148,0.140,0.124,0.130,0.131,0.107,0.110,0.110,0.129,0.138,0.139,0.136,0.138,0.140,0.130,0.129,0.136,0.127,0.129,0.155,0.132,0.127,0.130,0.138,0.140,0.139,0.132,0.133,0.141,0.111,0.106,0.105,0.101,0.100,0.102,0.105,0.111,0.097,0.095,0.131,0.121,0.119,0.132,0.114,0.107,0.109,0.104,0.102,0.100
06:04:07,0.000,0.095,0.119,0.119,0.118,0.118,0.116,0.117,0.130,0.131,0.091,0.150,0.131,0.133,0.139,0.123,0.123,0.124,0.119,0.123,0.127,0.135,0.132,0.131,0.129,0.132,0.133,0.125,0.131,0.134,0.122,0.134,0.131,0.119,0.119,0.123,0.115,0.117,0.118,0.122,0.128,0.140,0.127,0.128,0.130,0.121,0.123,0.129,0.116,0.125,0.129,0.133,0.131,0.128,0.127,0.129,0.133,0.129,0.136,0.139,0.132,0.160,0.157,0.145,0.145,0.147,0.137,0.136,0.139,0.125,0.127,0.153,0.142,0.143,0.146,0.136,0.138,0.140,0.132,0.139,0.149,0.146,0.142,0.148,0.131,0.132,0.139,0.130,0.138,0.140,0.117,0.127,0.155,0.165,0.151,0.147,0.148,0.133,0.135,0.138,0.096,0.103,0.137,0.136,0.138,0.119,0.124,0.123,0.116,0.126,0.095,0.143,0.129,0.125,0.127,0.125,0.128,0.135,0.129,0.132,0.134,0.137,0.130,0.129,0.123,0.130,0.135,0.129,0.130,0.131,0.121,0.144,0.135,0.124,0.127,0.128,0.129,0.129,0.130,0.126,0.126,0.152,0.131,0.127,0.130,0.136,0.137,0.141,0.141,0.141,0.143,0.163,0.160,0.149,0.131,0.137,0.138,0.112,0.116,0.116,0.135,0.151,0.149,0.145,0.146,0.148,0.138,0.136,0.144,0.134,0.137,0.170,0.143,0.138,0.142,0.149,0.151,0.148,0.140,0.141,0.148,0.122,0.114,0.114,0.107,0.107,0.111,0.114,0.123,0.102,0.100,0.146,0.132,0.129,0.148,0.124,0.116,0.117,0.112,0.109,0.104
06:34:06,0.000,0.093,0.120,0.121,0.119,0.120,0.118,0.118,0.134,0.135,0.090,0.153,0.133,0.136,0.141,0.125,0.126,0.127,0.122,0.124,0.129,0.135,0.133,0.133,0.132,0.135,0.136,0.128,0.133,0.137,0.125,0.134,0.134,0.120,0.120,0.124,0.116,0.118,0.120,0.126,0.131,0.142,0.129,0.131,0.133,0.122,0.125,0.131,0.118,0.127,0.131,0.131,0.131,0.129,0.129,0.132,0.135,0.131,0.139,0.143,0.134,0.158,0.157,0.148,0.147,0.149,0.139,0.139,0.141,0.125,0.128,0.149,0.141,0.144,0.147,0.137,0.139,0.143,0.134,0.141,0.152,0.142,0.141,0.147,0.129,0.131,0.137,0.130,0.138,0.141,0.119,0.118,0.148,0.159,0.144,0.144,0.146,0.131,0.135,0.138,0.093,0.099,0.139,0.138,0.142,0.121,0.126,0.125,0.117,0.126,0.092,0.140,0.129,0.126,0.128,0.127,0.131,0.138,0.131,0.135,0.136,0.136,0.131,0.130,0.125,0.133,0.138,0.131,0.132,0.135,0.124,0.140,0.135,0.126,0.128,0.131,0.130,0.131,0.132,0.128,0.127,0.147,0.131,0.128,0.132,0.137,0.139,0.142,0.143,0.143,0.145,0.158,0.158,0.150,0.131,0.138,0.139,0.111,0.114,0.114,0.136,0.147,0.147,0.145,0.147,0.149,0.138,0.138,0.144,0.135,0.137,0.164,0.138,0.133,0.136,0.146,0.148,0.147,0.140,0.141,0.149,0.113,0.106,0.106,0.103,0.101,0.104,0.106,0.111,0.098,0.096,0.133,0.123,0.120,0.133,0.116,0.110,0.110,0.106,0.103,0.101
07:04:06,0.000,0.096,0.124,0.125,0.123,0.123,0.121,0.121,0.139,0.140,0.091,0.161,0.140,0.141,0.149,0.130,0.130,0.132,0.126,0.129,0.133,0.140,0.139,0.139,0.137,0.140,0.141,0.133,0.138,0.143,0.129,0.141,0.140,0.124,0.123,0.129,0.120,0.121,0.123,0.130,0.135,0.150,0.135,0.136,0.137,0.125,0.129,0.135,0.121,0.131,0.134,0.139,0.138,0.134,0.135,0.138,0.141,0.136,0.146,0.149,0.138,0.166,0.165,0.153,0.155,0.157,0.146,0.145,0.149,0.130,0.133,0.156,0.149,0.150,0.154,0.144,0.144,0.149,0.140,0.147,0.159,0.152,0.149,0.154,0.135,0.136,0.143,0.136,0.145,0.149,0.122,0.126,0.157,0.169,0.156,0.151,0.154,0.138,0.141,0.144,0.095,0.104,0.145,0.144,0.148,0.125,0.129,0.130,0.120,0.130,0.096,0.149,0.134,0.130,0.132,0.132,0.136,0.143,0.137,0.140,0.141,0.146,0.137,0.135,0.130,0.138,0.143,0.137,0.139,0.141,0.128,0.152,0.143,0.132,0.134,0.136,0.137,0.137,0.138,0.133,0.131,0.159,0.137,0.134,0.137,0.144,0.144,0.149,0.150,0.148,0.150,0.172,0.170,0.160,0.138,0.146,0.147,0.115,0.120,0.119,0.143,0.158,0.158,0.154,0.156,0.158,0.145,0.146,0.152,0.143,0.145,0.180,0.150,0.144,0.148,0.157,0.160,0.157,0.148,0.150,0.154,0.124,0.115,0.115,0.108,0.108,0.112,0.115,0.124,0.103,0.100,0.149,0.134,0.131,0.151,0.126,0.118,0.118,0.113,0.110,0.105
07:34:06,0.000,0.093,0.125,0.126,0.124,0.124,0.124,0.123,0.142,0.143,0.090,0.165,0.143,0.145,0.152,0.132,0.133,0.135,0.128,0.131,0.135,0.143,0.141,0.142,0.141,0.144,0.146,0.136,0.142,0.147,0.132,0.140,0.143,0.125,0.124,0.130,0.121,0.123,0.124,0.133,0.138,0.149,0.136,0.139,0.141,0.127,0.131,0.137,0.122,0.132,0.136,0.135,0.137,0.136,0.136,0.139,0.144,0.139,0.149,0.153,0.141,0.165,0.166,0.158,0.158,0.160,0.147,0.147,0.152,0.131,0.134,0.154,0.148,0.152,0.155,0.145,0.147,0.153,0.142,0.150,0.161,0.147,0.147,0.155,0.134,0.136,0.143,0.137,0.145,0.150,0.124,0.118,0.153,0.165,0.151,0.151,0.154,0.137,0.142,0.145,0.093,0.099,0.147,0.147,0.153,0.126,0.132,0.133,0.121,0.131,0.091,0.146,0.136,0.132,0.134,0.134,0.140,0.147,0.141,0.144,0.146,0.144,0.138,0.138,0.132,0.141,0.147,0.139,0.140,0.142,0.131,0.148,0.144,0.133,0.136,0.139,0.139,0.139,0.141,0.133,0.133,0.154,0.137,0.136,0.139,0.144,0.146,0.150,0.150,0.151,0.153,0.166,0.168,0.160,0.138,0.147,0.148,0.114,0.119,0.118,0.143,0.155,0.154,0.154,0.156,0.159,0.145,0.146,0.154,0.143,0.145,0.173,0.144,0.138,0.141,0.153,0.157,0.156,0.148,0.149,0.157,0.114,0.107,0.107,0.103,0.101,0.104,0.106,0.112,0.098,0.096,0.135,0.125,0.122,0.134,0.117,0.111,0.111,0.106,0.104,0.102
08:04:07,0.000,0.093,0.128,0.129,0.127,0.128,0.126,0.126,0.147,0.148,0.091,0.173,0.147,0.149,0.156,0.136,0.137,0.138,0.132,0.134,0.139,0.146,0.146,0.147,0.146,0.149,0.151,0.140,0.147,0.152,0.136,0.145,0.147,0.126,0.127,0.133,0.123,0.125,0.127,0.138,0.143,0.154,0.141,0.143,0.145,0.129,0.134,0.140,0.125,0.137,0.140,0.138,0.141,0.140,0.141,0.144,0.148,0.142,0.154,0.158,0.145,0.169,0.172,0.163,0.163,0.166,0.153,0.153,0.157,0.134,0.138,0.157,0.153,0.157,0.161,0.149,0.151,0.158,0.147,0.155,0.166,0.151,0.151,0.159,0.137,0.139,0.147,0.141,0.150,0.156,0.127,0.118,0.157,0.171,0.156,0.155,0.159,0.141,0.146,0.151,0.093,0.100,0.153,0.152,0.158,0.130,0.136,0.136,0.123,0.135,0.092,0.151,0.139,0.135,0.138,0.139,0.144,0.150,0.146,0.149,0.152,0.148,0.142,0.142,0.137,0.146,0.152,0.144,0.144,0.147,0.135,0.152,0.149,0.137,0.140,0.143,0.143,0.144,0.146,0.136,0.136,0.159,0.142,0.140,0.143,0.148,0.151,0.154,0.155,0.155,0.157,0.171,0.173,0.166,0.143,0.152,0.153,0.116,0.121,0.121,0.147,0.159,0.160,0.159,0.162,0.165,0.150,0.150,0.159,0.148,0.151,0.179,0.146,0.141,0.144,0.157,0.161,0.161,0.152,0.154,0.162,0.115,0.107,0.106,0.103,0.102,0.104,0.106,0.112,0.099,0.096,0.136,0.125,0.122,0.134,0.118,0.111,0.111,0.107,0.104,0.102
08:34:06,0.000,0.093,0.131,0.132,0.130,0.130,0.130,0.130,0.152,0.154,0.091,0.181,0.151,0.154,0.161,0.139,0.141,0.143,0.135,0.138,0.142,0.150,0.150,0.152,0.150,0.154,0.156,0.145,0.151,0.157,0.140,0.150,0.151,0.129,0.129,0.135,0.125,0.127,0.129,0.143,0.147,0.158,0.144,0.147,0.150,0.132,0.137,0.144,0.128,0.139,0.143,0.141,0.145,0.143,0.145,0.148,0.154,0.147,0.159,0.163,0.149,0.173,0.176,0.169,0.169,0.171,0.158,0.158,0.163,0.137,0.141,0.162,0.157,0.162,0.166,0.153,0.156,0.162,0.152,0.161,0.173,0.155,0.155,0.164,0.140,0.143,0.151,0.144,0.154,0.161,0.130,0.117,0.159,0.175,0.158,0.160,0.163,0.145,0.151,0.154,0.094,0.100,0.157,0.157,0.164,0.133,0.140,0.141,0.127,0.138,0.092,0.154,0.143,0.138,0.141,0.143,0.149,0.155,0.151,0.154,0.157,0.152,0.146,0.147,0.141,0.150,0.157,0.147,0.148,0.151,0.139,0.158,0.154,0.142,0.145,0.148,0.148,0.149,0.151,0.140,0.139,0.162,0.145,0.143,0.146,0.151,0.154,0.158,0.159,0.159,0.161,0.177,0.179,0.171,0.147,0.157,0.158,0.118,0.124,0.123,0.151,0.162,0.163,0.165,0.167,0.170,0.154,0.155,0.164,0.153,0.156,0.183,0.149,0.144,0.147,0.162,0.165,0.165,0.156,0.159,0.166,0.116,0.107,0.107,0.103,0.102,0.104,0.106,0.112,0.099,0.097,0.136,0.125,0.122,0.133,0.118,0.112,0.111,0.106,0.104,0.102
09:04:07,0.000,0.094,0.134,0.135,0.134,0.134,0.133,0.133,0.159,0.160,0.091,0.190,0.157,0.160,0.167,0.144,0.146,0.147,0.140,0.142,0.147,0.154,0.156,0.157,0.156,0.160,0.163,0.150,0.157,0.163,0.145,0.156,0.158,0.133,0.132,0.139,0.127,0.131,0.132,0.148,0.152,0.164,0.148,0.152,0.156,0.136,0.141,0.147,0.131,0.143,0.147,0.146,0.149,0.148,0.150,0.154,0.159,0.151,0.164,0.168,0.154,0.179,0.182,0.175,0.175,0.178,0.164,0.164,0.168,0.141,0.146,0.168,0.163,0.169,0.172,0.159,0.161,0.167,0.157,0.166,0.179,0.159,0.160,0.169,0.144,0.147,0.156,0.148,0.159,0.167,0.134,0.118,0.163,0.182,0.163,0.164,0.168,0.149,0.156,0.160,0.094,0.101,0.163,0.163,0.170,0.138,0.145,0.145,0.129,0.142,0.092,0.159,0.147,0.142,0.146,0.148,0.155,0.160,0.157,0.160,0.164,0.158,0.151,0.151,0.146,0.155,0.163,0.152,0.153,0.156,0.144,0.163,0.159,0.146,0.150,0.154,0.153,0.154,0.157,0.143,0.143,0.166,0.149,0.147,0.150,0.155,0.158,0.163,0.163,0.163,0.166,0.182,0.185,0.178,0.152,0.162,0.164,0.121,0.127,0.126,0.156,0.168,0.169,0.170,0.173,0.177,0.159,0.160,0.170,0.158,0.161,0.189,0.153,0.148,0.151,0.167,0.170,0.170,0.162,0.164,0.172,0.116,0.107,0.107,0.104,0.102,0.104,0.106,0.112,0.099,0.097,0.137,0.124,0.122,0.133,0.118,0.111,0.112,0.107,0.104,0.103
09:34:06,0.000,0.098,0.140,0.142,0.139,0.138,0.138,0.137,0.166,0.167,0.091,0.199,0.164,0.167,0.174,0.149,0.150,0.152,0.142,0.146,0.149,0.163,0.164,0.165,0.162,0.167,0.169,0.157,0.164,0.169,0.151,0.166,0.167,0.137,0.136,0.143,0.131,0.134,0.136,0.154,0.158,0.176,0.157,0.159,0.163,0.141,0.146,0.154,0.135,0.147,0.151,0.156,0.159,0.156,0.157,0.161,0.166,0.158,0.171,0.175,0.159,0.189,0.191,0.184,0.183,0.186,0.172,0.172,0.176,0.147,0.151,0.178,0.173,0.177,0.180,0.166,0.169,0.174,0.164,0.174,0.186,0.169,0.170,0.178,0.151,0.154,0.162,0.155,0.166,0.175,0.139,0.126,0.174,0.194,0.175,0.174,0.177,0.157,0.163,0.167,0.095,0.105,0.172,0.171,0.177,0.143,0.151,0.152,0.134,0.147,0.092,0.170,0.155,0.149,0.152,0.156,0.163,0.166,0.164,0.168,0.171,0.168,0.159,0.158,0.152,0.162,0.170,0.158,0.161,0.164,0.151,0.174,0.168,0.153,0.157,0.161,0.161,0.162,0.164,0.147,0.147,0.175,0.156,0.153,0.156,0.161,0.164,0.169,0.170,0.169,0.172,0.196,0.199,0.190,0.162,0.171,0.172,0.126,0.132,0.132,0.163,0.179,0.180,0.180,0.181,0.184,0.167,0.168,0.177,0.165,0.168,0.202,0.164,0.158,0.161,0.178,0.181,0.180,0.169,0.171,0.178,0.122,0.115,0.114,0.108,0.108,0.109,0.111,0.117,0.101,0.098,0.153,0.137,0.133,0.146,0.128,0.121,0.120,0.113,0.109,0.105
10:04:06,0.000,0.094,0.140,0.143,0.140,0.140,0.139,0.139,0.169,0.171,0.091,0.208,0.171,0.174,0.181,0.154,0.156,0.157,0.148,0.152,0.154,0.158,0.168,0.171,0.167,0.173,0.175,0.162,0.170,0.176,0.156,0.167,0.171,0.138,0.138,0.146,0.132,0.136,0.138,0.159,0.162,0.173,0.159,0.164,0.167,0.144,0.149,0.157,0.138,0.152,0.155,0.154,0.159,0.159,0.161,0.165,0.171,0.162,0.175,0.178,0.164,0.185,0.193,0.188,0.189,0.191,0.175,0.176,0.182,0.150,0.155,0.176,0.173,0.179,0.185,0.169,0.172,0.179,0.170,0.179,0.188,0.167,0.170,0.181,0.152,0.155,0.165,0.160,0.171,0.182,0.144,0.119,0.172,0.193,0.173,0.174,0.179,0.159,0.167,0.172,0.094,0.101,0.175,0.176,0.183,0.146,0.155,0.156,0.137,0.152,0.092,0.169,0.156,0.152,0.155,0.160,0.167,0.171,0.169,0.172,0.175,0.165,0.161,0.162,0.156,0.168,0.175,0.163,0.165,0.169,0.155,0.175,0.172,0.157,0.161,0.164,0.165,0.167,0.170,0.149,0.150,0.173,0.156,0.155,0.158,0.164,0.168,0.174,0.173,0.174,0.176,0.193,0.198,0.190,0.162,0.174,0.176,0.125,0.133,0.133,0.168,0.179,0.180,0.181,0.184,0.187,0.170,0.171,0.181,0.169,0.172,0.201,0.161,0.156,0.159,0.177,0.182,0.181,0.172,0.176,0.184,0.117,0.108,0.107,0.106,0.102,0.105,0.106,0.112,0.099,0.097,0.139,0.127,0.124,0.135,0.120,0.114,0.113,0.108,0.105,0.103
10:34:06,0.000,0.097,0.146,0.149,0.145,0.145,0.144,0.144,0.174,0.180,0.092,0.221,0.179,0.181,0.189,0.159,0.162,0.163,0.155,0.158,0.161,0.171,0.177,0.178,0.175,0.182,0.183,0.169,0.178,0.185,0.162,0.176,0.180,0.143,0.143,0.150,0.136,0.140,0.142,0.166,0.170,0.185,0.166,0.171,0.174,0.149,0.155,0.164,0.143,0.157,0.159,0.164,0.169,0.166,0.168,0.173,0.179,0.169,0.183,0.186,0.170,0.199,0.204,0.199,0.199,0.202,0.186,0.186,0.192,0.157,0.162,0.187,0.184,0.189,0.196,0.176,0.179,0.185,0.177,0.187,0.199,0.180,0.178,0.190,0.160,0.164,0.175,0.168,0.182,0.192,0.151,0.129,0.185,0.208,0.188,0.188,0.191,0.169,0.175,0.181,0.098,0.109,0.185,0.185,0.191,0.153,0.161,0.161,0.143,0.159,0.097,0.179,0.165,0.159,0.163,0.168,0.175,0.177,0.177,0.181,0.183,0.178,0.170,0.171,0.163,0.177,0.184,0.172,0.174,0.179,0.162,0.187,0.182,0.165,0.169,0.172,0.174,0.176,0.178,0.156,0.156,0.185,0.164,0.162,0.166,0.171,0.176,0.182,0.183,0.181,0.184,0.208,0.211,0.203,0.172,0.184,0.186,0.131,0.139,0.139,0.177,0.191,0.191,0.192,0.195,0.199,0.180,0.180,0.192,0.179,0.182,0.218,0.174,0.169,0.175,0.189,0.195,0.193,0.183,0.186,0.194,0.128,0.116,0.116,0.114,0.110,0.113,0.116,0.124,0.103,0.101,0.157,0.139,0.135,0.154,0.129,0.123,0.122,0.116,0.113,0.108
11:04:06,0.000,0.094,0.149,0.152,0.150,0.148,0.148,0.147,0.183,0.183,0.092,0.226,0.184,0.185,0.195,0.163,0.165,0.168,0.158,0.162,0.163,0.172,0.181,0.183,0.180,0.187,0.189,0.173,0.181,0.188,0.167,0.176,0.183,0.144,0.144,0.152,0.138,0.142,0.144,0.171,0.173,0.186,0.169,0.174,0.177,0.152,0.158,0.167,0.146,0.159,0.165,0.163,0.169,0.169,0.171,0.175,0.184,0.170,0.186,0.189,0.171,0.197,0.206,0.203,0.204,0.207,0.190,0.191,0.197,0.159,0.164,0.186,0.185,0.193,0.198,0.178,0.181,0.189,0.181,0.191,0.204,0.177,0.179,0.191,0.160,0.165,0.175,0.171,0.183,0.196,0.155,0.119,0.181,0.207,0.184,0.186,0.191,0.170,0.178,0.186,0.095,0.102,0.188,0.189,0.195,0.157,0.166,0.166,0.145,0.160,0.093,0.178,0.167,0.161,0.166,0.171,0.179,0.183,0.183,0.187,0.192,0.176,0.172,0.176,0.168,0.181,0.189,0.175,0.176,0.182,0.167,0.186,0.184,0.169,0.174,0.178,0.178,0.182,0.184,0.157,0.157,0.180,0.165,0.164,0.167,0.174,0.178,0.184,0.184,0.185,0.188,0.204,0.212,0.205,0.173,0.186,0.188,0.131,0.140,0.140,0.178,0.187,0.189,0.195,0.198,0.202,0.181,0.183,0.195,0.182,0.185,0.214,0.170,0.164,0.168,0.186,0.191,0.191,0.183,0.186,0.196,0.118,0.108,0.107,0.107,0.103,0.105,0.106,0.112,0.099,0.097,0.140,0.127,0.124,0.135,0.120,0.114,0.114,0.108,0.105,0.104
11:34:06,0.000,0.098,0.154,0.157,0.154,0.152,0.151,0.151,0.186,0.191,0.093,0.239,0.192,0.195,0.206,0.171,0.173,0.176,0.167,0.168,0.170,0.179,0.189,0.192,0.190,0.196,0.199,0.181,0.191,0.198,0.175,0.187,0.192,0.149,0.150,0.157,0.142,0.146,0.148,0.179,0.181,0.196,0.176,0.181,0.186,0.159,0.166,0.174,0.152,0.166,0.169,0.173,0.178,0.176,0.180,0.185,0.193,0.178,0.194,0.200,0.179,0.210,0.218,0.215,0.215,0.218,0.201,0.201,0.208,0.168,0.173,0.200,0.196,0.203,0.210,0.185,0.190,0.198,0.189,0.201,0.213,0.189,0.188,0.202,0.170,0.174,0.186,0.179,0.194,0.206,0.161,0.129,0.193,0.221,0.198,0.199,0.205,0.180,0.189,0.196,0.098,0.110,0.197,0.196,0.203,0.163,0.172,0.173,0.151,0.169,0.097,0.190,0.177,0.170,0.175,0.179,0.188,0.192,0.192,0.195,0.196,0.188,0.182,0.184,0.177,0.190,0.200,0.183,0.186,0.189,0.174,0.200,0.196,0.180,0.185,0.189,0.188,0.191,0.194,0.163,0.164,0.194,0.173,0.172,0.174,0.183,0.186,0.193,0.195,0.194,0.196,0.222,0.228,0.220,0.184,0.196,0.199,0.138,0.147,0.147,0.188,0.201,0.201,0.208,0.209,0.214,0.193,0.194,0.208,0.194,0.194,0.231,0.183,0.177,0.182,0.199,0.204,0.201,0.192,0.196,0.204,0.130,0.117,0.116,0.115,0.110,0.114,0.117,0.124,0.104,0.102,0.158,0.139,0.135,0.153,0.129,0.123,0.121,0.116,0.113,0.109
12:04:06,0.000,0.095,0.155,0.159,0.156,0.154,0.155,0.155,0.194,0.194,0.092,0.245,0.196,0.199,0.210,0.174,0.176,0.179,0.170,0.173,0.175,0.181,0.193,0.197,0.195,0.201,0.204,0.185,0.195,0.203,0.179,0.189,0.198,0.150,0.150,0.159,0.144,0.148,0.151,0.185,0.185,0.198,0.179,0.185,0.190,0.162,0.168,0.178,0.154,0.170,0.175,0.173,0.180,0.181,0.183,0.188,0.198,0.181,0.200,0.205,0.181,0.208,0.220,0.219,0.218,0.223,0.204,0.205,0.212,0.171,0.176,0.199,0.199,0.206,0.212,0.190,0.194,0.203,0.194,0.207,0.218,0.188,0.191,0.205,0.171,0.175,0.186,0.182,0.196,0.212,0.165,0.120,0.189,0.221,0.195,0.199,0.206,0.182,0.194,0.202,0.095,0.103,0.200,0.202,0.211,0.168,0.178,0.179,0.153,0.171,0.093,0.189,0.179,0.175,0.178,0.184,0.194,0.198,0.198,0.201,0.206,0.187,0.185,0.188,0.182,0.197,0.207,0.186,0.187,0.195,0.178,0.198,0.198,0.184,0.190,0.194,0.191,0.195,0.199,0.166,0.166,0.189,0.174,0.173,0.176,0.184,0.189,0.196,0.196,0.197,0.201,0.220,0.230,0.223,0.185,0.198,0.203,0.139,0.148,0.147,0.187,0.197,0.201,0.209,0.213,0.217,0.195,0.197,0.210,0.195,0.197,0.226,0.179,0.173,0.177,0.197,0.201,0.202,0.193,0.197,0.207,0.119,0.109,0.108,0.109,0.104,0.105,0.107,0.113,0.100,0.098,0.141,0.127,0.124,0.135,0.120,0.115,0.114,0.108,0.106,0.104
12:34:06,0.000,0.100,0.161,0.165,0.162,0.160,0.159,0.159,0.204,0.201,0.091,0.256,0.207,0.209,0.220,0.182,0.184,0.185,0.175,0.179,0.180,0.191,0.202,0.207,0.205,0.213,0.216,0.192,0.204,0.210,0.187,0.203,0.209,0.157,0.156,0.165,0.149,0.154,0.155,0.193,0.194,0.211,0.188,0.194,0.199,0.167,0.175,0.184,0.159,0.175,0.178,0.185,0.192,0.191,0.192,0.198,0.207,0.189,0.209,0.213,0.189,0.220,0.232,0.231,0.228,0.231,0.213,0.215,0.222,0.178,0.183,0.213,0.211,0.217,0.222,0.198,0.203,0.211,0.203,0.215,0.225,0.199,0.203,0.216,0.180,0.184,0.195,0.190,0.205,0.223,0.170,0.128,0.202,0.238,0.208,0.211,0.217,0.193,0.202,0.212,0.096,0.109,0.209,0.210,0.216,0.174,0.184,0.184,0.158,0.177,0.094,0.200,0.189,0.183,0.186,0.194,0.203,0.208,0.206,0.210,0.214,0.199,0.195,0.199,0.192,0.208,0.218,0.194,0.196,0.200,0.185,0.209,0.208,0.194,0.200,0.204,0.201,0.205,0.209,0.171,0.171,0.198,0.181,0.178,0.182,0.191,0.198,0.206,0.206,0.208,0.209,0.236,0.247,0.235,0.196,0.209,0.214,0.145,0.154,0.151,0.194,0.206,0.213,0.219,0.222,0.227,0.204,0.206,0.219,0.203,0.204,0.241,0.191,0.185,0.188,0.209,0.214,0.213,0.203,0.206,0.215,0.126,0.117,0.116,0.114,0.111,0.112,0.113,0.119,0.102,0.100,0.156,0.138,0.135,0.147,0.129,0.123,0.122,0.115,0.111,0.108
13:04:06,0.000,0.096,0.160,0.166,0.162,0.163,0.163,0.162,0.222,0.207,0.092,0.257,0.217,0.220,0.232,0.189,0.192,0.194,0.183,0.187,0.186,0.185,0.205,0.213,0.214,0.221,0.224,0.202,0.212,0.219,0.196,0.202,0.214,0.158,0.159,0.167,0.152,0.155,0.157,0.199,0.200,0.211,0.192,0.200,0.206,0.172,0.179,0.190,0.164,0.182,0.184,0.185,0.195,0.195,0.198,0.204,0.211,0.195,0.214,0.220,0.191,0.217,0.235,0.237,0.234,0.241,0.222,0.223,0.229,0.183,0.191,0.213,0.211,0.221,0.228,0.203,0.208,0.219,0.207,0.223,0.228,0.198,0.204,0.216,0.180,0.185,0.197,0.196,0.212,0.229,0.177,0.121,0.200,0.232,0.207,0.211,0.217,0.196,0.208,0.213,0.096,0.104,0.208,0.212,0.222,0.177,0.188,0.191,0.163,0.183,0.094,0.200,0.191,0.185,0.190,0.199,0.210,0.216,0.214,0.218,0.222,0.194,0.201,0.205,0.198,0.216,0.227,0.201,0.203,0.209,0.193,0.212,0.213,0.200,0.207,0.209,0.207,0.212,0.215,0.174,0.175,0.196,0.184,0.184,0.187,0.195,0.203,0.212,0.212,0.214,0.219,0.239,0.249,0.243,0.198,0.213,0.221,0.148,0.158,0.157,0.199,0.206,0.215,0.224,0.229,0.233,0.209,0.213,0.227,0.208,0.212,0.239,0.190,0.183,0.187,0.209,0.215,0.216,0.208,0.211,0.221,0.121,0.110,0.109,0.110,0.105,0.106,0.108,0.114,0.100,0.098,0.143,0.129,0.126,0.136,0.121,0.116,0.115,0.109,0.107,0.105
13:34:07,0.000,0.096,0.165,0.171,0.168,0.166,0.166,0.165,0.232,0.221,0.092,0.271,0.226,0.231,0.243,0.196,0.200,0.203,0.191,0.195,0.191,0.195,0.217,0.222,0.221,0.227,0.232,0.209,0.220,0.227,0.201,0.214,0.223,0.161,0.160,0.171,0.153,0.158,0.161,0.206,0.208,0.220,0.199,0.207,0.214,0.178,0.185,0.197,0.169,0.188,0.191,0.191,0.201,0.203,0.204,0.208,0.219,0.201,0.222,0.225,0.199,0.227,0.250,0.248,0.242,0.249,0.232,0.233,0.242,0.189,0.196,0.223,0.219,0.230,0.237,0.210,0.215,0.227,0.217,0.233,0.236,0.205,0.210,0.225,0.186,0.191,0.204,0.205,0.221,0.239,0.183,0.121,0.207,0.241,0.216,0.221,0.229,0.204,0.217,0.224,0.096,0.105,0.221,0.223,0.232,0.183,0.195,0.196,0.169,0.189,0.094,0.206,0.196,0.192,0.198,0.206,0.216,0.223,0.220,0.228,0.238,0.205,0.210,0.214,0.207,0.226,0.234,0.207,0.209,0.219,0.200,0.217,0.220,0.207,0.215,0.218,0.214,0.218,0.220,0.180,0.180,0.203,0.190,0.189,0.194,0.203,0.213,0.221,0.221,0.223,0.227,0.249,0.259,0.249,0.206,0.222,0.229,0.151,0.161,0.161,0.209,0.215,0.221,0.233,0.236,0.239,0.218,0.221,0.234,0.214,0.218,0.248,0.195,0.188,0.193,0.216,0.223,0.224,0.214,0.219,0.228,0.123,0.110,0.109,0.110,0.105,0.106,0.108,0.114,0.100,0.098,0.145,0.129,0.126,0.137,0.122,0.117,0.116,0.109,0.107,0.106
14:04:07,0.000,0.096,0.168,0.175,0.170,0.170,0.168,0.169,0.236,0.230,0.092,0.283,0.237,0.242,0.255,0.205,0.209,0.213,0.199,0.204,0.198,0.201,0.224,0.230,0.230,0.235,0.240,0.217,0.227,0.235,0.208,0.218,0.232,0.165,0.165,0.174,0.157,0.162,0.164,0.215,0.213,0.224,0.205,0.215,0.220,0.183,0.192,0.205,0.172,0.194,0.195,0.196,0.208,0.211,0.210,0.215,0.225,0.208,0.228,0.233,0.204,0.229,0.261,0.253,0.249,0.253,0.242,0.236,0.245,0.197,0.201,0.227,0.225,0.235,0.242,0.215,0.219,0.229,0.221,0.233,0.240,0.208,0.215,0.230,0.191,0.197,0.210,0.211,0.228,0.247,0.189,0.120,0.211,0.247,0.221,0.226,0.235,0.211,0.221,0.229,0.096,0.104,0.227,0.228,0.231,0.189,0.200,0.200,0.171,0.193,0.094,0.211,0.204,0.198,0.203,0.215,0.225,0.230,0.224,0.231,0.234,0.212,0.217,0.222,0.217,0.234,0.240,0.213,0.214,0.224,0.203,0.225,0.226,0.216,0.223,0.223,0.219,0.226,0.228,0.185,0.185,0.207,0.195,0.195,0.199,0.210,0.218,0.228,0.228,0.228,0.229,0.258,0.268,0.252,0.212,0.227,0.235,0.154,0.167,0.164,0.213,0.220,0.224,0.237,0.240,0.244,0.222,0.228,0.239,0.221,0.221,0.253,0.200,0.193,0.198,0.223,0.228,0.231,0.221,0.226,0.236,0.123,0.110,0.110,0.110,0.105,0.107,0.108,0.114,0.100,0.098,0.146,0.130,0.127,0.138,0.123,0.117,0.116,0.110,0.107,0.106
14:34:06,0.000,0.096,0.172,0.178,0.174,0.171,0.171,0.171,0.240,0.232,0.092,0.296,0.250,0.255,0.268,0.215,0.216,0.219,0.208,0.211,0.206,0.201,0.236,0.244,0.238,0.243,0.246,0.225,0.238,0.250,0.214,0.229,0.247,0.167,0.168,0.181,0.159,0.165,0.169,0.224,0.220,0.234,0.213,0.224,0.229,0.190,0.199,0.212,0.179,0.201,0.204,0.203,0.217,0.218,0.220,0.227,0.238,0.214,0.239,0.242,0.215,0.234,0.272,0.266,0.259,0.266,0.254,0.252,0.260,0.204,0.208,0.236,0.236,0.246,0.252,0.228,0.232,0.245,0.236,0.248,0.245,0.216,0.224,0.241,0.198,0.203,0.217,0.220,0.240,0.259,0.199,0.121,0.218,0.255,0.230,0.237,0.245,0.221,0.234,0.238,0.096,0.106,0.237,0.242,0.253,0.196,0.212,0.213,0.181,0.198,0.094,0.219,0.208,0.203,0.211,0.223,0.234,0.239,0.241,0.240,0.257,0.216,0.229,0.233,0.224,0.241,0.249,0.226,0.229,0.240,0.215,0.237,0.238,0.225,0.229,0.233,0.233,0.235,0.237,0.192,0.190,0.210,0.201,0.202,0.207,0.216,0.227,0.237,0.240,0.243,0.246,0.266,0.272,0.266,0.220,0.242,0.247,0.160,0.172,0.171,0.221,0.226,0.237,0.251,0.254,0.254,0.235,0.239,0.250,0.228,0.232,0.259,0.206,0.199,0.204,0.231,0.239,0.240,0.231,0.237,0.249,0.123,0.111,0.110,0.110,0.105,0.107,0.108,0.114,0.100,0.099,0.145,0.130,0.127,0.138,0.123,0.117,0.116,0.110,0.107,0.106
15:04:07,0.000,0.102,0.177,0.182,0.179,0.176,0.176,0.176,0.243,0.235,0.092,0.310,0.266,0.272,0.284,0.224,0.226,0.228,0.213,0.218,0.212,0.213,0.248,0.257,0.246,0.255,0.257,0.233,0.247,0.261,0.219,0.242,0.266,0.176,0.175,0.188,0.166,0.173,0.175,0.231,0.226,0.246,0.224,0.235,0.237,0.201,0.207,0.220,0.188,0.207,0.210,0.217,0.230,0.228,0.229,0.236,0.248,0.224,0.251,0.250,0.219,0.246,0.285,0.275,0.271,0.277,0.266,0.266,0.274,0.212,0.215,0.252,0.252,0.258,0.264,0.242,0.245,0.255,0.248,0.258,0.248,0.226,0.236,0.253,0.207,0.212,0.227,0.231,0.253,0.271,0.209,0.130,0.232,0.263,0.241,0.248,0.252,0.232,0.239,0.242,0.097,0.111,0.245,0.247,0.255,0.202,0.215,0.220,0.186,0.203,0.095,0.233,0.221,0.214,0.220,0.234,0.246,0.250,0.251,0.257,0.271,0.227,0.244,0.245,0.237,0.252,0.260,0.238,0.243,0.256,0.228,0.252,0.253,0.234,0.240,0.245,0.242,0.246,0.248,0.200,0.199,0.221,0.213,0.212,0.216,0.227,0.236,0.249,0.249,0.253,0.257,0.281,0.286,0.275,0.236,0.253,0.261,0.169,0.180,0.180,0.229,0.235,0.250,0.263,0.264,0.265,0.246,0.253,0.263,0.240,0.245,0.273,0.220,0.212,0.216,0.244,0.250,0.250,0.243,0.248,0.265,0.133,0.120,0.119,0.117,0.114,0.115,0.115,0.121,0.103,0.101,0.160,0.141,0.137,0.149,0.131,0.125,0.124,0.117,0.113,0.110
15:34:07,0.000,0.097,0.179,0.186,0.182,0.179,0.179,0.179,0.249,0.240,0.092,0.320,0.276,0.282,0.295,0.230,0.238,0.239,0.221,0.224,0.220,0.215,0.261,0.272,0.253,0.262,0.265,0.242,0.258,0.276,0.225,0.253,0.280,0.176,0.176,0.191,0.167,0.174,0.177,0.238,0.232,0.250,0.229,0.243,0.245,0.204,0.213,0.226,0.192,0.212,0.215,0.219,0.235,0.236,0.238,0.244,0.258,0.229,0.264,0.261,0.227,0.247,0.293,0.281,0.276,0.288,0.277,0.276,0.287,0.216,0.220,0.254,0.255,0.262,0.269,0.249,0.248,0.259,0.257,0.267,0.255,0.226,0.238,0.261,0.211,0.217,0.237,0.239,0.264,0.279,0.217,0.122,0.233,0.270,0.247,0.253,0.258,0.237,0.246,0.249,0.096,0.106,0.255,0.259,0.266,0.210,0.227,0.229,0.190,0.212,0.095,0.234,0.222,0.216,0.223,0.236,0.250,0.253,0.258,0.271,0.284,0.236,0.249,0.251,0.240,0.255,0.263,0.248,0.253,0.269,0.234,0.251,0.257,0.236,0.241,0.245,0.249,0.248,0.247,0.206,0.204,0.224,0.216,0.217,0.222,0.231,0.242,0.254,0.257,0.260,0.268,0.281,0.285,0.276,0.237,0.256,0.259,0.169,0.180,0.181,0.239,0.239,0.253,0.263,0.266,0.266,0.252,0.253,0.265,0.242,0.248,0.273,0.217,0.210,0.215,0.247,0.254,0.256,0.246,0.250,0.264,0.125,0.112,0.110,0.111,0.105,0.108,0.109,0.115,0.100,0.099,0.146,0.130,0.127,0.137,0.123,0.117,0.116,0.110,0.108,0.107
16:04:07,0.000,0.097,0.182,0.189,0.186,0.183,0.183,0.183,0.256,0.247,0.092,0.335,0.288,0.296,0.308,0.242,0.248,0.249,0.228,0.234,0.228,0.226,0.277,0.288,0.265,0.274,0.276,0.254,0.270,0.288,0.229,0.266,0.295,0.181,0.181,0.194,0.173,0.178,0.181,0.246,0.237,0.255,0.239,0.254,0.253,0.211,0.220,0.235,0.198,0.218,0.222,0.227,0.247,0.247,0.248,0.254,0.269,0.239,0.277,0.270,0.238,0.251,0.308,0.293,0.287,0.297,0.290,0.290,0.303,0.226,0.228,0.266,0.269,0.274,0.281,0.260,0.260,0.264,0.271,0.280,0.258,0.233,0.251,0.276,0.220,0.226,0.249,0.252,0.277,0.292,0.227,0.123,0.244,0.282,0.256,0.260,0.264,0.246,0.254,0.253,0.096,0.107,0.265,0.268,0.272,0.219,0.240,0.241,0.198,0.221,0.094,0.244,0.232,0.225,0.232,0.248,0.266,0.263,0.271,0.283,0.275,0.240,0.261,0.263,0.251,0.265,0.277,0.263,0.268,0.286,0.248,0.261,0.271,0.244,0.253,0.257,0.261,0.262,0.260,0.215,0.200,0.222,0.222,0.223,0.231,0.243,0.254,0.265,0.266,0.271,0.274,0.286,0.294,0.282,0.249,0.265,0.274,0.175,0.188,0.187,0.236,0.235,0.267,0.275,0.278,0.275,0.265,0.268,0.277,0.249,0.258,0.278,0.223,0.216,0.221,0.256,0.264,0.266,0.257,0.264,0.263,0.126,0.112,0.110,0.111,0.105,0.107,0.108,0.114,0.100,0.099,0.148,0.131,0.128,0.138,0.124,0.118,0.117,0.110,0.107,0.107
16:34:06,0.000,0.099,0.188,0.193,0.190,0.188,0.189,0.190,0.225,0.241,0.091,0.261,0.254,0.273,0.290,0.240,0.232,0.237,0.227,0.231,0.224,0.227,0.255,0.263,0.267,0.274,0.268,0.254,0.260,0.256,0.237,0.251,0.258,0.182,0.183,0.194,0.175,0.182,0.182,0.241,0.232,0.254,0.244,0.251,0.261,0.222,0.231,0.240,0.205,0.221,0.223,0.227,0.237,0.241,0.241,0.254,0.274,0.246,0.268,0.250,0.219,0.249,0.262,0.266,0.278,0.285,0.283,0.290,0.292,0.225,0.223,0.257,0.259,0.267,0.271,0.261,0.264,0.263,0.262,0.263,0.258,0.240,0.256,0.264,0.229,0.240,0.250,0.262,0.271,0.286,0.221,0.117,0.241,0.267,0.254,0.258,0.258,0.244,0.249,0.251,0.093,0.108,0.256,0.262,0.264,0.222,0.239,0.244,0.210,0.226,0.091,0.243,0.237,0.237,0.244,0.258,0.271,0.276,0.282,0.276,0.269,0.240,0.249,0.250,0.257,0.272,0.279,0.276,0.277,0.277,0.230,0.249,0.250,0.253,0.258,0.258,0.268,0.267,0.268,0.217,0.203,0.230,0.226,0.229,0.235,0.247,0.254,0.279,0.284,0.271,0.259,0.278,0.272,0.268,0.248,0.265,0.277,0.179,0.192,0.191,0.221,0.247,0.258,0.269,0.273,0.277,0.265,0.292,0.292,0.255,0.251,0.282,0.231,0.226,0.232,0.264,0.271,0.275,0.278,0.284,0.271,0.123,0.108,0.106,0.109,0.102,0.103,0.104,0.108,0.098,0.095,0.143,0.128,0.124,0.133,0.119,0.114,0.112,0.106,0.103,0.103
17:04:06,0.000,0.099,0.197,0.202,0.201,0.197,0.196,0.197,0.253,0.253,0.091,0.296,0.295,0.318,0.320,0.264,0.258,0.258,0.250,0.244,0.240,0.234,0.284,0.289,0.286,0.295,0.298,0.278,0.287,0.293,0.251,0.272,0.290,0.190,0.191,0.202,0.183,0.188,0.190,0.264,0.247,0.269,0.263,0.273,0.278,0.235,0.246,0.262,0.216,0.235,0.233,0.246,0.260,0.258,0.259,0.268,0.293,0.264,0.275,0.270,0.239,0.263,0.292,0.303,0.296,0.311,0.308,0.320,0.335,0.237,0.239,0.277,0.284,0.291,0.299,0.280,0.283,0.287,0.302,0.301,0.269,0.253,0.276,0.285,0.252,0.259,0.278,0.289,0.290,0.296,0.238,0.117,0.267,0.282,0.277,0.281,0.281,0.267,0.268,0.271,0.092,0.109,0.276,0.276,0.280,0.243,0.260,0.253,0.220,0.234,0.092,0.259,0.254,0.249,0.255,0.271,0.288,0.291,0.312,0.334,0.277,0.257,0.273,0.276,0.275,0.287,0.304,0.293,0.309,0.323,0.273,0.267,0.268,0.270,0.272,0.278,0.280,0.286,0.292,0.253,0.238,0.247,0.245,0.245,0.251,0.260,0.271,0.284,0.296,0.314,0.306,0.300,0.302,0.290,0.263,0.277,0.295,0.192,0.215,0.212,0.242,0.263,0.280,0.292,0.299,0.292,0.283,0.301,0.318,0.282,0.282,0.299,0.250,0.245,0.251,0.281,0.283,0.288,0.288,0.310,0.290,0.123,0.108,0.107,0.109,0.102,0.104,0.104,0.108,0.098,0.095,0.145,0.129,0.125,0.134,0.120,0.115,0.113,0.107,0.104,0.104
17:34:06,0.000,0.098,0.208,0.213,0.211,0.206,0.205,0.204,0.274,0.273,0.091,0.327,0.321,0.338,0.341,0.293,0.294,0.297,0.271,0.280,0.240,0.242,0.313,0.323,0.296,0.305,0.314,0.307,0.318,0.334,0.254,0.301,0.329,0.193,0.194,0.208,0.187,0.194,0.197,0.278,0.256,0.278,0.285,0.292,0.291,0.255,0.265,0.281,0.236,0.257,0.260,0.259,0.281,0.275,0.277,0.283,0.304,0.287,0.318,0.312,0.249,0.277,0.334,0.320,0.307,0.318,0.320,0.322,0.342,0.262,0.252,0.290,0.301,0.304,0.309,0.286,0.283,0.286,0.307,0.314,0.274,0.272,0.298,0.304,0.266,0.269,0.292,0.307,0.306,0.308,0.252,0.118,0.285,0.294,0.293,0.288,0.291,0.276,0.281,0.281,0.093,0.109,0.303,0.301,0.307,0.269,0.270,0.290,0.248,0.254,0.092,0.286,0.277,0.261,0.269,0.289,0.303,0.298,0.323,0.343,0.273,0.268,0.300,0.302,0.288,0.299,0.306,0.307,0.318,0.338,0.304,0.300,0.301,0.273,0.279,0.291,0.297,0.298,0.295,0.267,0.255,0.270,0.265,0.260,0.268,0.279,0.289,0.300,0.303,0.309,0.316,0.311,0.327,0.310,0.278,0.296,0.306,0.201,0.215,0.209,0.256,0.269,0.300,0.304,0.309,0.299,0.298,0.298,0.321,0.278,0.287,0.309,0.268,0.260,0.267,0.297,0.295,0.299,0.300,0.314,0.299,0.124,0.108,0.107,0.109,0.103,0.104,0.104,0.108,0.098,0.096,0.143,0.127,0.124,0.132,0.119,0.114,0.112,0.106,0.103,0.103
18:04:06,0.000,0.100,0.208,0.219,0.216,0.212,0.211,0.209,0.295,0.289,0.091,0.313,0.333,0.355,0.359,0.291,0.302,0.307,0.297,0.290,0.251,0.248,0.291,0.325,0.307,0.323,0.326,0.316,0.331,0.341,0.292,0.292,0.345,0.196,0.196,0.209,0.188,0.196,0.200,0.305,0.258,0.272,0.296,0.309,0.306,0.261,0.271,0.289,0.242,0.269,0.253,0.260,0.290,0.287,0.286,0.292,0.310,0.303,0.335,0.332,0.244,0.263,0.333,0.330,0.316,0.331,0.330,0.333,0.346,0.256,0.247,0.287,0.306,0.311,0.318,0.296,0.295,0.297,0.314,0.317,0.275,0.253,0.300,0.310,0.274,0.280,0.300,0.321,0.317,0.320,0.264,0.118,0.281,0.294,0.272,0.271,0.268,0.255,0.262,0.264,0.093,0.109,0.273,0.282,0.291,0.259,0.275,0.282,0.243,0.260,0.092,0.277,0.288,0.277,0.281,0.301,0.320,0.324,0.330,0.353,0.279,0.257,0.299,0.306,0.302,0.318,0.330,0.313,0.321,0.347,0.314,0.291,0.307,0.287,0.295,0.303,0.306,0.314,0.315,0.276,0.259,0.250,0.271,0.270,0.274,0.283,0.295,0.306,0.309,0.319,0.327,0.304,0.318,0.304,0.284,0.302,0.316,0.209,0.231,0.225,0.273,0.265,0.310,0.311,0.321,0.318,0.305,0.300,0.334,0.295,0.292,0.311,0.270,0.263,0.269,0.297,0.302,0.304,0.308,0.313,0.323,0.125,0.108,0.107,0.110,0.103,0.104,0.104,0.108,0.098,0.096,0.145,0.129,0.125,0.133,0.120,0.115,0.113,0.107,0.103,0.104
18:34:07,0.000,0.100,0.221,0.236,0.227,0.220,0.219,0.217,0.307,0.305,0.091,0.345,0.354,0.373,0.374,0.327,0.327,0.330,0.305,0.305,0.249,0.249,0.333,0.352,0.318,0.335,0.339,0.342,0.354,0.372,0.283,0.333,0.372,0.201,0.202,0.219,0.196,0.203,0.208,0.311,0.262,0.282,0.315,0.328,0.321,0.279,0.289,0.305,0.264,0.286,0.263,0.270,0.306,0.297,0.301,0.307,0.326,0.332,0.363,0.360,0.261,0.279,0.358,0.344,0.331,0.343,0.349,0.348,0.368,0.275,0.263,0.298,0.320,0.325,0.331,0.306,0.301,0.302,0.334,0.331,0.281,0.274,0.321,0.328,0.289,0.286,0.315,0.332,0.329,0.327,0.270,0.119,0.301,0.303,0.303,0.298,0.300,0.280,0.287,0.286,0.093,0.110,0.313,0.312,0.319,0.297,0.326,0.307,0.277,0.274,0.092,0.291,0.308,0.289,0.289,0.312,0.333,0.337,0.352,0.374,0.283,0.276,0.323,0.329,0.313,0.329,0.343,0.329,0.339,0.364,0.328,0.321,0.333,0.291,0.303,0.315,0.320,0.324,0.325,0.291,0.251,0.270,0.285,0.285,0.291,0.299,0.313,0.322,0.328,0.335,0.342,0.322,0.338,0.322,0.300,0.321,0.334,0.211,0.236,0.228,0.264,0.272,0.329,0.326,0.334,0.327,0.322,0.320,0.349,0.298,0.298,0.319,0.287,0.276,0.282,0.313,0.315,0.319,0.324,0.328,0.296,0.125,0.108,0.106,0.110,0.103,0.104,0.104,0.107,0.098,0.095,0.146,0.128,0.124,0.133,0.120,0.115,0.113,0.107,0.104,0.104
19:04:06,0.000,0.100,0.221,0.229,0.229,0.225,0.222,0.219,0.315,0.296,0.091,0.341,0.358,0.377,0.378,0.327,0.346,0.352,0.315,0.290,0.255,0.256,0.324,0.359,0.332,0.346,0.351,0.357,0.371,0.376,0.298,0.315,0.374,0.204,0.206,0.220,0.199,0.207,0.212,0.323,0.262,0.284,0.321,0.334,0.334,0.284,0.295,0.312,0.270,0.295,0.266,0.268,0.309,0.303,0.303,0.312,0.330,0.339,0.362,0.362,0.248,0.276,0.361,0.345,0.339,0.351,0.357,0.363,0.381,0.288,0.266,0.298,0.329,0.334,0.341,0.315,0.310,0.311,0.345,0.345,0.278,0.266,0.327,0.340,0.304,0.300,0.334,0.343,0.340,0.334,0.286,0.120,0.307,0.307,0.285,0.283,0.286,0.287,0.288,0.285,0.093,0.111,0.298,0.300,0.302,0.283,0.300,0.308,0.267,0.301,0.092,0.293,0.309,0.298,0.305,0.317,0.340,0.344,0.356,0.379,0.298,0.268,0.311,0.325,0.325,0.341,0.357,0.332,0.344,0.372,0.336,0.302,0.329,0.300,0.311,0.325,0.326,0.331,0.333,0.300,0.285,0.264,0.279,0.283,0.289,0.296,0.308,0.321,0.328,0.336,0.350,0.310,0.326,0.311,0.298,0.324,0.337,0.222,0.249,0.241,0.287,0.278,0.341,0.330,0.342,0.339,0.331,0.325,0.357,0.310,0.314,0.323,0.283,0.271,0.277,0.311,0.315,0.318,0.328,0.330,0.346,0.127,0.108,0.107,0.111,0.103,0.104,0.104,0.108,0.098,0.096,0.148,0.130,0.126,0.134,0.121,0.116,0.115,0.108,0.104,0.105
19:34:07,0.000,0.102,0.230,0.243,0.237,0.231,0.229,0.228,0.323,0.303,0.092,0.361,0.375,0.392,0.395,0.351,0.367,0.370,0.335,0.302,0.252,0.260,0.351,0.380,0.337,0.358,0.361,0.376,0.391,0.401,0.331,0.347,0.399,0.207,0.210,0.228,0.203,0.212,0.218,0.355,0.265,0.285,0.339,0.353,0.348,0.307,0.317,0.337,0.289,0.319,0.277,0.285,0.325,0.322,0.323,0.331,0.348,0.359,0.394,0.398,0.281,0.284,0.381,0.358,0.364,0.369,0.379,0.382,0.401,0.301,0.284,0.306,0.342,0.350,0.355,0.329,0.322,0.325,0.357,0.360,0.278,0.284,0.345,0.358,0.319,0.318,0.354,0.361,0.357,0.356,0.301,0.121,0.321,0.320,0.317,0.315,0.318,0.304,0.306,0.297,0.094,0.111,0.323,0.325,0.324,0.304,0.329,0.330,0.291,0.322,0.093,0.320,0.334,0.311,0.316,0.334,0.357,0.362,0.377,0.397,0.319,0.285,0.338,0.349,0.335,0.353,0.370,0.356,0.365,0.394,0.354,0.331,0.361,0.312,0.323,0.337,0.346,0.348,0.345,0.313,0.294,0.283,0.302,0.300,0.308,0.319,0.334,0.345,0.349,0.357,0.371,0.329,0.350,0.331,0.318,0.340,0.356,0.224,0.262,0.247,0.285,0.280,0.356,0.341,0.355,0.350,0.355,0.348,0.372,0.318,0.324,0.333,0.299,0.287,0.299,0.327,0.332,0.335,0.347,0.353,0.344,0.127,0.109,0.108,0.111,0.103,0.105,0.105,0.108,0.098,0.096,0.147,0.129,0.126,0.133,0.121,0.116,0.113,0.107,0.104,0.105
20:04:07,0.000,0.102,0.226,0.243,0.234,0.226,0.225,0.223,0.311,0.289,0.092,0.352,0.379,0.392,0.397,0.346,0.350,0.348,0.323,0.299,0.257,0.265,0.340,0.378,0.346,0.369,0.368,0.381,0.394,0.399,0.310,0.334,0.405,0.213,0.214,0.228,0.207,0.214,0.217,0.353,0.262,0.282,0.346,0.361,0.360,0.317,0.323,0.351,0.300,0.328,0.285,0.279,0.325,0.331,0.325,0.341,0.357,0.367,0.399,0.407,0.251,0.277,0.383,0.361,0.367,0.377,0.381,0.382,0.398,0.305,0.278,0.305,0.354,0.349,0.365,0.334,0.326,0.332,0.361,0.361,0.282,0.273,0.343,0.363,0.324,0.318,0.357,0.366,0.367,0.369,0.304,0.121,0.319,0.331,0.291,0.295,0.293,0.276,0.286,0.282,0.093,0.111,0.297,0.302,0.314,0.277,0.316,0.327,0.280,0.301,0.092,0.306,0.343,0.321,0.334,0.338,0.364,0.366,0.380,0.398,0.298,0.273,0.342,0.354,0.351,0.367,0.384,0.359,0.367,0.397,0.361,0.330,0.361,0.317,0.333,0.350,0.348,0.352,0.351,0.321,0.281,0.268,0.306,0.306,0.315,0.319,0.332,0.343,0.348,0.357,0.370,0.321,0.351,0.326,0.316,0.346,0.364,0.237,0.269,0.261,0.276,0.286,0.354,0.336,0.366,0.367,0.352,0.349,0.377,0.323,0.327,0.330,0.291,0.280,0.305,0.327,0.332,0.337,0.344,0.348,0.355,0.126,0.109,0.107,0.111,0.103,0.104,0.104,0.107,0.098,0.096,0.148,0.130,0.126,0.134,0.121,0.116,0.114,0.107,0.104,0.105
20:34:07,0.000,0.101,0.232,0.245,0.236,0.229,0.228,0.225,0.299,0.289,0.091,0.351,0.388,0.399,0.404,0.356,0.359,0.355,0.328,0.293,0.253,0.268,0.347,0.379,0.351,0.375,0.371,0.391,0.402,0.413,0.306,0.326,0.400,0.214,0.215,0.227,0.209,0.215,0.219,0.357,0.262,0.290,0.354,0.368,0.366,0.328,0.330,0.355,0.312,0.333,0.291,0.286,0.335,0.336,0.332,0.348,0.360,0.392,0.411,0.421,0.254,0.283,0.396,0.372,0.377,0.383,0.391,0.396,0.415,0.312,0.274,0.311,0.362,0.361,0.371,0.346,0.337,0.339,0.371,0.372,0.286,0.280,0.349,0.372,0.334,0.332,0.367,0.375,0.378,0.378,0.309,0.123,0.320,0.337,0.298,0.299,0.296,0.285,0.286,0.282,0.094,0.112,0.307,0.314,0.324,0.289,0.331,0.340,0.292,0.303,0.093,0.308,0.356,0.333,0.344,0.351,0.379,0.384,0.394,0.413,0.303,0.279,0.357,0.375,0.370,0.381,0.402,0.387,0.389,0.414,0.377,0.343,0.374,0.330,0.341,0.356,0.357,0.367,0.360,0.335,0.299,0.279,0.318,0.315,0.322,0.331,0.342,0.357,0.363,0.373,0.383,0.333,0.363,0.336,0.327,0.362,0.378,0.229,0.274,0.248,0.275,0.290,0.351,0.357,0.368,0.378,0.365,0.355,0.393,0.329,0.329,0.334,0.295,0.288,0.316,0.336,0.343,0.348,0.356,0.361,0.368,0.127,0.109,0.107,0.111,0.103,0.104,0.104,0.108,0.098,0.096,0.149,0.131,0.126,0.134,0.121,0.117,0.114,0.108,0.105,0.105
21:04:06,0.000,0.101,0.233,0.243,0.235,0.227,0.230,0.228,0.293,0.289,0.091,0.353,0.391,0.402,0.410,0.358,0.361,0.358,0.330,0.294,0.260,0.272,0.329,0.388,0.350,0.382,0.373,0.402,0.415,0.421,0.303,0.323,0.417,0.219,0.224,0.237,0.215,0.221,0.222,0.375,0.267,0.298,0.368,0.384,0.385,0.346,0.348,0.373,0.327,0.351,0.309,0.291,0.346,0.348,0.342,0.356,0.371,0.400,0.421,0.430,0.251,0.287,0.410,0.382,0.393,0.397,0.401,0.399,0.419,0.288,0.283,0.317,0.370,0.368,0.377,0.355,0.344,0.349,0.379,0.380,0.287,0.280,0.358,0.380,0.341,0.342,0.373,0.383,0.390,0.384,0.313,0.123,0.326,0.343,0.292,0.291,0.289,0.289,0.291,0.290,0.094,0.111,0.313,0.325,0.332,0.290,0.337,0.346,0.292,0.302,0.093,0.315,0.367,0.345,0.360,0.357,0.388,0.389,0.401,0.416,0.305,0.277,0.367,0.390,0.387,0.399,0.415,0.390,0.388,0.413,0.379,0.330,0.381,0.344,0.363,0.364,0.366,0.374,0.370,0.343,0.311,0.283,0.331,0.326,0.336,0.340,0.353,0.367,0.376,0.383,0.388,0.335,0.372,0.344,0.340,0.375,0.392,0.235,0.281,0.270,0.272,0.291,0.355,0.374,0.381,0.382,0.377,0.361,0.400,0.343,0.344,0.334,0.304,0.300,0.331,0.344,0.354,0.358,0.369,0.373,0.377,0.127,0.109,0.108,0.111,0.103,0.104,0.104,0.108,0.098,0.096,0.148,0.130,0.126,0.133,0.121,0.117,0.113,0.107,0.105,0.105
21:34:06,0.000,0.102,0.236,0.247,0.241,0.234,0.230,0.230,0.293,0.294,0.092,0.350,0.388,0.399,0.411,0.358,0.364,0.363,0.336,0.294,0.262,0.272,0.325,0.386,0.349,0.377,0.375,0.409,0.417,0.428,0.303,0.325,0.420,0.224,0.225,0.238,0.216,0.226,0.227,0.385,0.268,0.298,0.369,0.389,0.390,0.356,0.360,0.383,0.336,0.359,0.307,0.291,0.350,0.351,0.345,0.359,0.376,0.411,0.418,0.428,0.254,0.292,0.418,0.384,0.394,0.400,0.402,0.406,0.421,0.299,0.282,0.322,0.382,0.378,0.384,0.363,0.346,0.352,0.387,0.386,0.293,0.283,0.365,0.388,0.349,0.354,0.383,0.385,0.393,0.392,0.317,0.124,0.326,0.344,0.290,0.290,0.294,0.286,0.293,0.294,0.094,0.112,0.309,0.313,0.315,0.282,0.297,0.333,0.268,0.279,0.093,0.311,0.364,0.347,0.362,0.363,0.391,0.393,0.398,0.411,0.291,0.274,0.375,0.403,0.394,0.408,0.423,0.396,0.403,0.426,0.293,0.330,0.387,0.350,0.363,0.373,0.370,0.384,0.381,0.352,0.287,0.284,0.290,0.317,0.332,0.349,0.364,0.373,0.383,0.387,0.367,0.335,0.386,0.357,0.350,0.384,0.400,0.227,0.286,0.263,0.268,0.288,0.350,0.368,0.387,0.395,0.377,0.370,0.406,0.343,0.352,0.340,0.307,0.303,0.334,0.353,0.360,0.368,0.383,0.385,0.345,0.126,0.109,0.107,0.112,0.104,0.104,0.105,0.108,0.098,0.097,0.151,0.132,0.127,0.135,0.122,0.117,0.115,0.108,0.105,0.105
22:04:07,0.000,0.102,0.238,0.248,0.245,0.235,0.232,0.231,0.295,0.301,0.092,0.352,0.396,0.409,0.415,0.361,0.366,0.361,0.340,0.295,0.266,0.284,0.325,0.359,0.326,0.374,0.390,0.423,0.438,0.441,0.304,0.311,0.415,0.233,0.228,0.243,0.223,0.237,0.233,0.395,0.272,0.295,0.371,0.392,0.397,0.366,0.369,0.395,0.344,0.374,0.309,0.291,0.349,0.360,0.343,0.365,0.373,0.418,0.439,0.439,0.266,0.294,0.421,0.387,0.396,0.405,0.408,0.411,0.427,0.297,0.287,0.321,0.384,0.383,0.391,0.371,0.361,0.365,0.396,0.397,0.285,0.286,0.356,0.388,0.349,0.359,0.385,0.384,0.404,0.400,0.327,0.124,0.327,0.344,0.295,0.294,0.293,0.277,0.297,0.295,0.094,0.112,0.302,0.308,0.309,0.285,0.291,0.290,0.267,0.276,0.093,0.321,0.381,0.358,0.378,0.375,0.404,0.407,0.412,0.412,0.283,0.285,0.391,0.411,0.409,0.424,0.444,0.401,0.416,0.427,0.319,0.324,0.393,0.363,0.372,0.385,0.377,0.401,0.392,0.359,0.275,0.292,0.309,0.303,0.341,0.355,0.372,0.383,0.396,0.400,0.375,0.333,0.393,0.367,0.355,0.391,0.407,0.222,0.303,0.242,0.261,0.287,0.348,0.387,0.390,0.404,0.384,0.381,0.435,0.362,0.376,0.345,0.307,0.307,0.345,0.361,0.374,0.381,0.399,0.401,0.338,0.127,0.110,0.108,0.112,0.104,0.105,0.105,0.108,0.099,0.097,0.152,0.133,0.128,0.135,0.123,0.118,0.115,0.108,0.105,0.105
22:34:06,0.000,0.102,0.241,0.248,0.245,0.231,0.232,0.231,0.298,0.300,0.091,0.358,0.399,0.410,0.423,0.363,0.370,0.366,0.337,0.295,0.266,0.282,0.336,0.358,0.329,0.388,0.388,0.426,0.443,0.444,0.304,0.318,0.424,0.231,0.235,0.246,0.225,0.231,0.233,0.402,0.266,0.310,0.372,0.398,0.406,0.375,0.382,0.401,0.351,0.384,0.319,0.301,0.365,0.362,0.311,0.369,0.388,0.427,0.440,0.447,0.259,0.298,0.430,0.394,0.407,0.408,0.411,0.338,0.434,0.298,0.291,0.331,0.387,0.335,0.386,0.383,0.372,0.379,0.399,0.399,0.290,0.294,0.360,0.393,0.351,0.366,0.388,0.388,0.413,0.416,0.331,0.124,0.338,0.358,0.299,0.308,0.307,0.296,0.305,0.305,0.095,0.111,0.313,0.314,0.317,0.283,0.296,0.298,0.273,0.280,0.093,0.322,0.388,0.365,0.399,0.379,0.408,0.410,0.409,0.408,0.280,0.289,0.396,0.418,0.418,0.436,0.460,0.419,0.432,0.342,0.324,0.325,0.302,0.367,0.377,0.397,0.380,0.404,0.339,0.301,0.273,0.293,0.301,0.311,0.340,0.358,0.375,0.387,0.400,0.402,0.373,0.334,0.401,0.378,0.364,0.397,0.414,0.221,0.292,0.233,0.253,0.283,0.340,0.385,0.398,0.406,0.392,0.392,0.434,0.369,0.378,0.349,0.314,0.316,0.346,0.366,0.381,0.387,0.410,0.408,0.333,0.127,0.110,0.107,0.111,0.103,0.104,0.105,0.108,0.098,0.097,0.152,0.133,0.128,0.134,0.123,0.118,0.116,0.108,0.106,0.106
23:04:07,0.000,0.103,0.243,0.255,0.247,0.232,0.234,0.232,0.303,0.311,0.092,0.362,0.403,0.412,0.424,0.366,0.371,0.367,0.339,0.298,0.278,0.288,0.331,0.342,0.345,0.387,0.387,0.436,0.450,0.453,0.309,0.322,0.429,0.235,0.237,0.248,0.229,0.240,0.238,0.405,0.272,0.312,0.376,0.405,0.415,0.385,0.394,0.410,0.359,0.391,0.327,0.302,0.367,0.371,0.327,0.319,0.387,0.438,0.443,0.450,0.260,0.300,0.437,0.404,0.414,0.412,0.415,0.357,0.385,0.303,0.303,0.335,0.393,0.356,0.393,0.395,0.382,0.378,0.407,0.405,0.294,0.299,0.367,0.400,0.357,0.380,0.394,0.390,0.419,0.425,0.337,0.125,0.342,0.364,0.305,0.311,0.311,0.304,0.309,0.311,0.094,0.112,0.323,0.318,0.319,0.287,0.303,0.298,0.277,0.290,0.093,0.326,0.389,0.371,0.402,0.384,0.415,0.413,0.410,0.410,0.282,0.299,0.401,0.431,0.416,0.442,0.471,0.437,0.320,0.340,0.298,0.333,0.351,0.370,0.386,0.396,0.347,0.405,0.346,0.311,0.279,0.301,0.307,0.300,0.345,0.364,0.380,0.391,0.402,0.404,0.372,0.335,0.407,0.387,0.372,0.403,0.416,0.222,0.291,0.238,0.245,0.281,0.335,0.394,0.413,0.358,0.396,0.387,0.437,0.368,0.373,0.339,0.320,0.323,0.346,0.374,0.387,0.394,0.414,0.411,0.330,0.127,0.110,0.108,0.112,0.104,0.105,0.105,0.108,0.099,0.097,0.152,0.132,0.127,0.135,0.122,0.118,0.115,0.108,0.106,0.105
23:34:07,0.000,0.104,0.242,0.255,0.246,0.232,0.235,0.230,0.306,0.319,0.092,0.363,0.401,0.415,0.424,0.367,0.374,0.370,0.338,0.293,0.266,0.287,0.332,0.347,0.355,0.325,0.330,0.440,0.451,0.456,0.309,0.326,0.433,0.238,0.240,0.251,0.233,0.242,0.243,0.412,0.266,0.316,0.382,0.414,0.425,0.394,0.406,0.419,0.370,0.400,0.329,0.297,0.313,0.381,0.336,0.344,0.380,0.447,0.455,0.463,0.268,0.297,0.444,0.411,0.439,0.427,0.348,0.363,0.356,0.305,0.300,0.336,0.398,0.368,0.364,0.411,0.400,0.397,0.412,0.411,0.295,0.300,0.371,0.406,0.364,0.388,0.400,0.403,0.421,0.440,0.341,0.124,0.350,0.372,0.304,0.315,0.312,0.306,0.311,0.311,0.094,0.112,0.317,0.322,0.323,0.295,0.302,0.305,0.285,0.328,0.093,0.327,0.402,0.378,0.410,0.391,0.419,0.422,0.415,0.413,0.282,0.296,0.409,0.439,0.424,0.459,0.489,0.427,0.332,0.353,0.310,0.342,0.385,0.321,0.397,0.404,0.341,0.330,0.370,0.297,0.285,0.309,0.305,0.338,0.304,0.365,0.383,0.398,0.407,0.408,0.374,0.338,0.417,0.393,0.378,0.409,0.425,0.210,0.273,0.218,0.235,0.273,0.331,0.396,0.417,0.379,0.400,0.398,0.439,0.383,0.320,0.335,0.329,0.335,0.357,0.383,0.398,0.406,0.423,0.421,0.331,0.126,0.110,0.108,0.112,0.103,0.104,0.105,0.108,0.098,0.097,0.154,0.134,0.128,0.136,0.123,0.119,0.117,0.109,0.106,0.106
01 00:04:07,0.000,0.103,0.241,0.254,0.249,0.233,0.233,0.232,0.316,0.328,0.092,0.370,0.405,0.423,0.431,0.370,0.378,0.374,0.338,0.295,0.279,0.291,0.338,0.338,0.349,0.340,0.339,0.446,0.459,0.464,0.310,0.327,0.437,0.239,0.242,0.254,0.237,0.249,0.247,0.419,0.273,0.318,0.385,0.421,0.434,0.402,0.415,0.432,0.381,0.414,0.344,0.293,0.324,0.384,0.336,0.339,0.374,0.455,0.469,0.479,0.292,0.301,0.448,0.421,0.428,0.430,0.367,0.371,0.363,0.308,0.309,0.340,0.394,0.378,0.369,0.424,0.413,0.414,0.422,0.419,0.300,0.306,0.371,0.408,0.369,0.394,0.406,0.426,0.436,0.451,0.343,0.126,0.348,0.373,0.311,0.319,0.316,0.303,0.326,0.314,0.095,0.112,0.327,0.326,0.325,0.297,0.310,0.306,0.294,0.313,0.093,0.344,0.411,0.382,0.419,0.396,0.424,0.427,0.414,0.414,0.292,0.302,0.419,0.446,0.431,0.469,0.501,0.454,0.352,0.372,0.307,0.337,0.391,0.344,0.397,0.403,0.332,0.349,0.358,0.308,0.289,0.310,0.343,0.329,0.324,0.369,0.387,0.405,0.413,0.416,0.380,0.344,0.422,0.404,0.384,0.416,0.433,0.203,0.234,0.219,0.233,0.275,0.329,0.398,0.415,0.378,0.436,0.422,0.464,0.376,0.328,0.350,0.357,0.344,0.374,0.390,0.411,0.417,0.438,0.434,0.343,0.127,0.111,0.108,0.112,0.104,0.104,0.105,0.108,0.098,0.097,0.153,0.133,0.128,0.135,0.123,0.119,0.116,0.109,0.106,0.106
01 00:34:06,0.000,0.102,0.240,0.258,0.247,0.231,0.231,0.230,0.321,0.335,0.091,0.373,0.408,0.428,0.436,0.369,0.378,0.373,0.338,0.295,0.277,0.296,0.337,0.338,0.357,0.341,0.348,0.447,0.464,0.467,0.307,0.323,0.440,0.240,0.245,0.257,0.240,0.250,0.251,0.423,0.275,0.319,0.388,0.427,0.443,0.411,0.424,0.443,0.389,0.426,0.347,0.293,0.341,0.383,0.348,0.319,0.380,0.462,0.481,0.488,0.300,0.302,0.455,0.431,0.435,0.447,0.380,0.383,0.363,0.317,0.307,0.340,0.363,0.385,0.390,0.433,0.423,0.426,0.426,0.424,0.302,0.310,0.375,0.414,0.374,0.402,0.412,0.429,0.432,0.446,0.343,0.126,0.358,0.375,0.310,0.317,0.317,0.305,0.311,0.319,0.095,0.113,0.333,0.331,0.331,0.303,0.309,0.309,0.299,0.316,0.093,0.347,0.421,0.386,0.421,0.401,0.428,0.433,0.411,0.413,0.293,0.302,0.422,0.455,0.438,0.478,0.515,0.340,0.359,0.377,0.307,0.337,0.423,0.366,0.331,0.332,0.347,0.375,0.355,0.325,0.287,0.314,0.312,0.318,0.334,0.373,0.395,0.414,0.419,0.425,0.380,0.349,0.430,0.414,0.392,0.425,0.443,0.202,0.229,0.212,0.230,0.270,0.327,0.355,0.437,0.378,0.386,0.442,0.475,0.326,0.333,0.350,0.350,0.357,0.386,0.400,0.422,0.428,0.448,0.444,0.347,0.127,0.110,0.108,0.112,0.104,0.105,0.105,0.108,0.098,0.097,0.153,0.133,0.128,0.135,0.123,0.118,0.116,0.108,0.106,0.106
01 01:04:06,0.000,0.102,0.240,0.256,0.244,0.231,0.232,0.230,0.320,0.343,0.096,0.376,0.407,0.427,0.437,0.370,0.379,0.377,0.337,0.291,0.277,0.293,0.341,0.345,0.358,0.355,0.358,0.450,0.466,0.469,0.303,0.317,0.441,0.241,0.243,0.256,0.243,0.254,0.255,0.427,0.268,0.325,0.388,0.428,0.450,0.417,0.432,0.451,0.399,0.434,0.349,0.294,0.343,0.389,0.357,0.347,0.393,0.467,0.484,0.493,0.303,0.299,0.454,0.443,0.373,0.446,0.402,0.362,0.380,0.321,0.320,0.351,0.384,0.393,0.417,0.440,0.432,0.436,0.429,0.428,0.292,0.307,0.368,0.414,0.376,0.404,0.415,0.434,0.434,0.457,0.345,0.128,0.344,0.381,0.305,0.316,0.309,0.332,0.350,0.320,0.095,0.111,0.326,0.330,0.322,0.305,0.315,0.304,0.299,0.320,0.093,0.351,0.422,0.395,0.441,0.404,0.430,0.436,0.408,0.412,0.292,0.304,0.423,0.463,0.445,0.485,0.522,0.359,0.419,0.383,0.313,0.335,0.370,0.395,0.346,0.360,0.365,0.396,0.329,0.336,0.296,0.316,0.327,0.335,0.355,0.378,0.396,0.419,0.423,0.431,0.381,0.347,0.432,0.420,0.394,0.427,0.446,0.198,0.215,0.209,0.224,0.268,0.325,0.377,0.384,0.393,0.390,0.452,0.482,0.343,0.346,0.357,0.359,0.366,0.389,0.405,0.427,0.435,0.455,0.453,0.349,0.128,0.111,0.109,0.113,0.104,0.105,0.105,0.109,0.099,0.098,0.156,0.135,0.130,0.136,0.125,0.120,0.118,0.110,0.107,0.106
01 01:34:06,0.000,0.104,0.241,0.256,0.251,0.229,0.232,0.226,0.324,0.350,0.092,0.377,0.403,0.425,0.440,0.370,0.382,0.380,0.337,0.288,0.274,0.295,0.328,0.354,0.337,0.370,0.351,0.451,0.465,0.466,0.297,0.313,0.440,0.242,0.249,0.257,0.247,0.254,0.256,0.428,0.270,0.325,0.389,0.429,0.457,0.422,0.439,0.457,0.406,0.438,0.349,0.291,0.361,0.352,0.314,0.356,0.391,0.473,0.482,0.494,0.308,0.303,0.456,0.366,0.366,0.456,0.383,0.389,0.370,0.324,0.316,0.359,0.395,0.408,0.433,0.437,0.440,0.440,0.432,0.430,0.297,0.311,0.363,0.416,0.379,0.408,0.416,0.440,0.442,0.459,0.344,0.129,0.335,0.384,0.307,0.316,0.309,0.344,0.361,0.343,0.095,0.112,0.326,0.336,0.334,0.305,0.314,0.304,0.305,0.316,0.093,0.362,0.426,0.368,0.451,0.409,0.429,0.438,0.408,0.410,0.291,0.303,0.425,0.472,0.444,0.497,0.538,0.365,0.394,0.388,0.325,0.334,0.361,0.407,0.367,0.382,0.397,0.408,0.345,0.350,0.294,0.318,0.339,0.361,0.367,0.381,0.397,0.425,0.430,0.440,0.378,0.355,0.437,0.429,0.401,0.432,0.454,0.207,0.209,0.212,0.219,0.266,0.325,0.399,0.405,0.418,0.382,0.464,0.495,0.356,0.343,0.361,0.374,0.382,0.398,0.410,0.432,0.441,0.462,0.457,0.350,0.129,0.112,0.109,0.113,0.105,0.106,0.106,0.109,0.099,0.098,0.156,0.136,0.130,0.137,0.124,0.120,0.118,0.110,0.108,0.106
01 02:04:06,0.000,0.104,0.236,0.256,0.245,0.231,0.233,0.226,0.333,0.358,0.092,0.378,0.415,0.441,0.443,0.370,0.378,0.376,0.340,0.290,0.268,0.297,0.331,0.368,0.342,0.386,0.367,0.464,0.480,0.478,0.298,0.313,0.444,0.245,0.250,0.257,0.250,0.264,0.260,0.437,0.260,0.318,0.385,0.434,0.444,0.436,0.457,0.481,0.423,0.462,0.353,0.322,0.375,0.355,0.334,0.369,0.386,0.489,0.504,0.521,0.294,0.309,0.455,0.388,0.373,0.482,0.396,0.398,0.371,0.331,0.323,0.360,0.400,0.427,0.434,0.446,0.446,0.451,0.451,0.446,0.300,0.318,0.351,0.415,0.379,0.407,0.426,0.443,0.449,0.468,0.352,0.127,0.340,0.380,0.293,0.305,0.304,0.307,0.316,0.313,0.095,0.111,0.317,0.332,0.334,0.317,0.310,0.309,0.300,0.315,0.092,0.360,0.422,0.366,0.453,0.401,0.425,0.433,0.399,0.397,0.285,0.308,0.421,0.474,0.452,0.513,0.555,0.358,0.400,0.353,0.306,0.338,0.366,0.420,0.389,0.394,0.408,0.422,0.355,0.360,0.286,0.315,0.329,0.367,0.388,0.383,0.396,0.425,0.434,0.441,0.377,0.351,0.439,0.432,0.409,0.442,0.451,0.225,0.209,0.212,0.219,0.266,0.318,0.417,0.412,0.435,0.394,0.485,0.497,0.374,0.341,0.370,0.388,0.382,0.413,0.410,0.427,0.441,0.464,0.455,0.348,0.128,0.111,0.108,0.113,0.104,0.105,0.105,0.108,0.098,0.098,0.160,0.139,0.131,0.139,0.126,0.121,0.120,0.111,0.108,0.107
01 02:34:06,0.000,0.103,0.234,0.250,0.244,0.226,0.229,0.222,0.335,0.364,0.096,0.377,0.410,0.435,0.443,0.365,0.373,0.374,0.331,0.287,0.266,0.297,0.336,0.392,0.330,0.406,0.366,0.461,0.478,0.476,0.295,0.307,0.441,0.247,0.253,0.261,0.253,0.264,0.261,0.433,0.270,0.330,0.397,0.433,0.463,0.434,0.456,0.477,0.424,0.461,0.346,0.315,0.394,0.385,0.340,0.379,0.387,0.479,0.490,0.503,0.320,0.301,0.455,0.397,0.378,0.464,0.394,0.398,0.374,0.322,0.316,0.357,0.407,0.413,0.469,0.448,0.450,0.451,0.442,0.434,0.295,0.322,0.352,0.417,0.378,0.405,0.418,0.452,0.439,0.470,0.361,0.128,0.344,0.385,0.300,0.308,0.304,0.316,0.308,0.335,0.095,0.112,0.317,0.336,0.364,0.304,0.322,0.316,0.305,0.319,0.093,0.361,0.385,0.372,0.469,0.412,0.429,0.444,0.403,0.402,0.290,0.305,0.426,0.476,0.452,0.513,0.557,0.364,0.391,0.349,0.304,0.326,0.374,0.416,0.385,0.420,0.400,0.449,0.369,0.363,0.293,0.320,0.331,0.383,0.382,0.386,0.401,0.425,0.440,0.442,0.377,0.350,0.440,0.432,0.404,0.442,0.455,0.208,0.268,0.197,0.209,0.261,0.315,0.432,0.387,0.436,0.418,0.487,0.513,0.338,0.351,0.360,0.393,0.388,0.422,0.413,0.435,0.447,0.464,0.461,0.348,0.128,0.111,0.108,0.113,0.104,0.105,0.105,0.108,0.099,0.098,0.157,0.136,0.130,0.136,0.125,0.120,0.119,0.110,0.108,0.106
01 03:04:07,0.000,0.103,0.233,0.248,0.244,0.227,0.226,0.220,0.336,0.370,0.091,0.376,0.413,0.435,0.436,0.358,0.368,0.365,0.327,0.281,0.265,0.293,0.345,0.404,0.344,0.409,0.357,0.468,0.486,0.481,0.287,0.300,0.440,0.247,0.252,0.261,0.254,0.268,0.257,0.437,0.258,0.323,0.385,0.440,0.458,0.445,0.474,0.508,0.432,0.480,0.344,0.322,0.392,0.394,0.330,0.390,0.385,0.495,0.514,0.525,0.302,0.316,0.455,0.391,0.393,0.464,0.420,0.390,0.377,0.328,0.326,0.360,0.426,0.365,0.459,0.463,0.457,0.466,0.450,0.433,0.294,0.330,0.338,0.414,0.386,0.410,0.425,0.452,0.448,0.470,0.357,0.128,0.349,0.388,0.278,0.311,0.306,0.305,0.312,0.343,0.094,0.112,0.314,0.332,0.337,0.298,0.334,0.316,0.305,0.322,0.092,0.357,0.387,0.401,0.470,0.411,0.418,0.437,0.392,0.392,0.291,0.312,0.421,0.477,0.457,0.511,0.568,0.359,0.396,0.362,0.317,0.339,0.373,0.404,0.361,0.423,0.427,0.455,0.393,0.379,0.289,0.309,0.336,0.390,0.402,0.387,0.401,0.427,0.445,0.442,0.375,0.346,0.443,0.441,0.409,0.443,0.459,0.199,0.233,0.202,0.212,0.259,0.309,0.446,0.401,0.463,0.434,0.492,0.518,0.362,0.353,0.365,0.398,0.399,0.427,0.418,0.435,0.451,0.470,0.463,0.336,0.129,0.112,0.109,0.113,0.105,0.106,0.106,0.109,0.099,0.098,0.157,0.136,0.130,0.136,0.125,0.121,0.119,0.110,0.108,0.106
01 03:34:07,0.000,0.103,0.232,0.246,0.241,0.224,0.225,0.218,0.338,0.371,0.092,0.376,0.413,0.442,0.450,0.358,0.373,0.368,0.327,0.284,0.263,0.298,0.350,0.408,0.340,0.409,0.350,0.470,0.489,0.485,0.288,0.303,0.443,0.253,0.259,0.271,0.261,0.274,0.268,0.435,0.267,0.325,0.396,0.453,0.482,0.449,0.479,0.506,0.440,0.487,0.350,0.317,0.416,0.404,0.353,0.406,0.390,0.498,0.510,0.520,0.320,0.337,0.463,0.375,0.359,0.461,0.417,0.431,0.386,0.332,0.328,0.364,0.424,0.373,0.483,0.463,0.452,0.469,0.449,0.439,0.300,0.327,0.349,0.418,0.382,0.410,0.421,0.462,0.456,0.476,0.362,0.129,0.356,0.392,0.299,0.307,0.305,0.310,0.310,0.315,0.095,0.113,0.364,0.342,0.354,0.321,0.319,0.353,0.314,0.338,0.093,0.376,0.391,0.432,0.482,0.417,0.428,0.444,0.393,0.393,0.294,0.312,0.431,0.479,0.455,0.533,0.583,0.354,0.383,0.387,0.320,0.329,0.397,0.393,0.384,0.447,0.437,0.476,0.406,0.381,0.299,0.317,0.356,0.403,0.405,0.391,0.404,0.436,0.451,0.450,0.375,0.358,0.445,0.446,0.413,0.448,0.466,0.195,0.259,0.262,0.203,0.263,0.305,0.455,0.417,0.476,0.453,0.515,0.531,0.373,0.355,0.365,0.402,0.409,0.436,0.423,0.445,0.456,0.474,0.467,0.338,0.128,0.112,0.109,0.113,0.104,0.105,0.105,0.108,0.099,0.098,0.157,0.136,0.131,0.136,0.125,0.121,0.119,0.110,0.108,0.106
01 04:04:06,0.000,0.103,0.228,0.244,0.238,0.219,0.223,0.215,0.339,0.377,0.091,0.376,0.409,0.442,0.455,0.355,0.367,0.364,0.327,0.283,0.267,0.293,0.362,0.404,0.343,0.427,0.358,0.473,0.490,0.488,0.287,0.301,0.442,0.256,0.265,0.275,0.269,0.278,0.277,0.437,0.263,0.322,0.404,0.455,0.490,0.453,0.485,0.510,0.448,0.498,0.355,0.319,0.418,0.367,0.354,0.417,0.397,0.498,0.511,0.521,0.324,0.318,0.460,0.369,0.354,0.477,0.448,0.441,0.386,0.316,0.336,0.359,0.430,0.384,0.503,0.473,0.462,0.476,0.458,0.442,0.294,0.325,0.350,0.418,0.382,0.414,0.422,0.466,0.463,0.471,0.367,0.130,0.360,0.394,0.297,0.314,0.305,0.299,0.324,0.317,0.095,0.112,0.353,0.354,0.354,0.309,0.327,0.322,0.317,0.336,0.093,0.367,0.400,0.390,0.489,0.420,0.428,0.448,0.391,0.388,0.289,0.311,0.438,0.482,0.459,0.538,0.588,0.370,0.418,0.375,0.329,0.337,0.410,0.405,0.363,0.462,0.431,0.487,0.404,0.389,0.290,0.313,0.360,0.429,0.407,0.393,0.409,0.444,0.458,0.462,0.380,0.360,0.447,0.447,0.417,0.452,0.473,0.190,0.265,0.293,0.204,0.259,0.301,0.470,0.415,0.474,0.464,0.539,0.539,0.363,0.350,0.345,0.405,0.418,0.443,0.427,0.454,0.463,0.476,0.470,0.342,0.129,0.112,0.109,0.113,0.104,0.105,0.105,0.108,0.099,0.098,0.157,0.136,0.131,0.136,0.125,0.120,0.119,0.110,0.108,0.106
01 04:34:06,0.000,0.104,0.228,0.245,0.236,0.216,0.224,0.217,0.340,0.384,0.092,0.379,0.407,0.446,0.457,0.354,0.368,0.362,0.325,0.280,0.265,0.297,0.369,0.394,0.353,0.424,0.370,0.477,0.494,0.491,0.284,0.299,0.442,0.260,0.271,0.279,0.277,0.285,0.279,0.436,0.260,0.334,0.408,0.458,0.495,0.455,0.487,0.515,0.451,0.503,0.359,0.305,0.421,0.377,0.343,0.421,0.403,0.503,0.516,0.522,0.328,0.343,0.465,0.357,0.378,0.484,0.459,0.455,0.388,0.333,0.322,0.366,0.447,0.391,0.509,0.481,0.475,0.479,0.468,0.447,0.297,0.321,0.352,0.422,0.384,0.417,0.422,0.470,0.463,0.468,0.369,0.130,0.368,0.397,0.295,0.312,0.307,0.297,0.313,0.326,0.095,0.113,0.353,0.367,0.349,0.300,0.318,0.318,0.325,0.350,0.093,0.365,0.418,0.398,0.504,0.421,0.427,0.450,0.390,0.382,0.289,0.309,0.435,0.481,0.456,0.547,0.597,0.358,0.416,0.390,0.316,0.337,0.401,0.385,0.365,0.474,0.442,0.490,0.417,0.394,0.283,0.323,0.375,0.442,0.411,0.394,0.413,0.451,0.461,0.467,0.378,0.366,0.460,0.458,0.423,0.453,0.476,0.197,0.233,0.281,0.202,0.253,0.299,0.477,0.436,0.494,0.472,0.553,0.540,0.380,0.361,0.360,0.406,0.411,0.446,0.433,0.459,0.466,0.483,0.470,0.346,0.129,0.112,0.109,0.113,0.105,0.105,0.105,0.108,0.099,0.098,0.157,0.136,0.131,0.136,0.125,0.121,0.119,0.110,0.108,0.106
01 05:04:06,0.000,0.105,0.227,0.242,0.234,0.216,0.224,0.218,0.337,0.375,0.092,0.376,0.397,0.441,0.448,0.356,0.371,0.362,0.329,0.284,0.274,0.291,0.372,0.404,0.354,0.447,0.377,0.479,0.495,0.493,0.286,0.303,0.437,0.266,0.271,0.282,0.284,0.284,0.277,0.434,0.254,0.328,0.405,0.457,0.497,0.454,0.485,0.515,0.453,0.511,0.356,0.319,0.421,0.387,0.347,0.431,0.402,0.503,0.518,0.519,0.328,0.360,0.463,0.370,0.394,0.467,0.478,0.465,0.402,0.345,0.341,0.366,0.435,0.411,0.514,0.483,0.477,0.481,0.464,0.445,0.302,0.330,0.346,0.423,0.384,0.413,0.422,0.469,0.469,0.474,0.368,0.129,0.369,0.390,0.291,0.310,0.304,0.298,0.322,0.308,0.095,0.112,0.331,0.347,0.358,0.298,0.318,0.321,0.330,0.343,0.092,0.366,0.427,0.423,0.503,0.418,0.427,0.450,0.392,0.377,0.286,0.306,0.431,0.479,0.456,0.559,0.607,0.359,0.403,0.394,0.318,0.331,0.393,0.386,0.379,0.472,0.440,0.495,0.418,0.390,0.287,0.317,0.372,0.442,0.411,0.398,0.412,0.458,0.459,0.469,0.377,0.361,0.453,0.461,0.433,0.450,0.477,0.203,0.217,0.288,0.211,0.261,0.294,0.474,0.446,0.500,0.478,0.552,0.548,0.395,0.347,0.353,0.408,0.420,0.449,0.437,0.464,0.466,0.489,0.470,0.341,0.129,0.113,0.109,0.113,0.104,0.105,0.105,0.108,0.099,0.099,0.160,0.138,0.132,0.137,0.126,0.122,0.120,0.111,0.108,0.106
01 05:34:06,0.000,0.104,0.225,0.247,0.235,0.216,0.226,0.219,0.337,0.377,0.092,0.379,0.393,0.446,0.445,0.355,0.369,0.362,0.326,0.284,0.283,0.295,0.371,0.414,0.351,0.410,0.383,0.473,0.490,0.489,0.275,0.300,0.436,0.260,0.267,0.281,0.285,0.283,0.276,0.431,0.255,0.320,0.405,0.457,0.507,0.451,0.486,0.513,0.454,0.507,0.350,0.306,0.424,0.399,0.340,0.419,0.407,0.505,0.511,0.510,0.322,0.381,0.463,0.371,0.401,0.467,0.475,0.471,0.414,0.364,0.347,0.373,0.444,0.391,0.514,0.476,0.473,0.487,0.463,0.447,0.293,0.320,0.345,0.421,0.383,0.413,0.419,0.472,0.471,0.474,0.366,0.130,0.379,0.397,0.293,0.308,0.298,0.318,0.309,0.306,0.095,0.113,0.330,0.344,0.358,0.304,0.318,0.348,0.336,0.324,0.092,0.358,0.436,0.430,0.506,0.418,0.426,0.447,0.389,0.370,0.280,0.322,0.431,0.478,0.454,0.561,0.611,0.371,0.423,0.393,0.300,0.327,0.396,0.387,0.383,0.457,0.447,0.497,0.376,0.403,0.293,0.332,0.370,0.445,0.402,0.407,0.410,0.460,0.465,0.477,0.372,0.368,0.463,0.466,0.441,0.452,0.474,0.196,0.209,0.277,0.202,0.251,0.289,0.469,0.433,0.514,0.482,0.542,0.547,0.391,0.364,0.357,0.409,0.432,0.449,0.442,0.473,0.468,0.491,0.469,0.333,0.130,0.113,0.110,0.113,0.106,0.106,0.106,0.109,0.099,0.099,0.158,0.138,0.132,0.137,0.126,0.122,0.120,0.111,0.108,0.106
01 06:04:06,0.000,0.105,0.220,0.246,0.232,0.211,0.226,0.216,0.349,0.374,0.092,0.382,0.388,0.447,0.443,0.349,0.359,0.361,0.319,0.273,0.278,0.290,0.369,0.423,0.358,0.431,0.396,0.472,0.489,0.487,0.277,0.291,0.435,0.262,0.272,0.286,0.291,0.287,0.276,0.431,0.256,0.319,0.412,0.461,0.511,0.452,0.486,0.516,0.457,0.511,0.347,0.310,0.429,0.379,0.342,0.401,0.412,0.516,0.517,0.513,0.320,0.372,0.469,0.367,0.409,0.484,0.490,0.473,0.406,0.358,0.357,0.369,0.441,0.401,0.522,0.480,0.483,0.493,0.472,0.453,0.288,0.337,0.349,0.426,0.385,0.416,0.421,0.477,0.478,0.469,0.374,0.130,0.384,0.403,0.286,0.313,0.301,0.314,0.308,0.298,0.095,0.113,0.339,0.340,0.352,0.299,0.319,0.369,0.337,0.331,0.093,0.392,0.454,0.398,0.525,0.421,0.432,0.451,0.381,0.375,0.279,0.314,0.442,0.479,0.453,0.570,0.618,0.388,0.438,0.411,0.300,0.344,0.401,0.381,0.400,0.473,0.475,0.508,0.396,0.418,0.295,0.314,0.376,0.454,0.402,0.409,0.418,0.468,0.475,0.492,0.375,0.372,0.471,0.479,0.441,0.456,0.479,0.192,0.212,0.253,0.198,0.261,0.288,0.487,0.470,0.499,0.491,0.556,0.559,0.403,0.380,0.362,0.417,0.426,0.455,0.445,0.483,0.480,0.499,0.487,0.339,0.129,0.113,0.109,0.113,0.105,0.106,0.106,0.109,0.099,0.099,0.157,0.138,0.132,0.136,0.125,0.121,0.120,0.111,0.109,0.106
01 06:34:07,0.000,0.105,0.220,0.245,0.231,0.205,0.220,0.215,0.354,0.387,0.092,0.387,0.397,0.451,0.453,0.341,0.355,0.358,0.312,0.271,0.268,0.293,0.371,0.428,0.347,0.437,0.397,0.478,0.496,0.495,0.273,0.288,0.435,0.267,0.279,0.297,0.303,0.299,0.291,0.435,0.255,0.310,0.414,0.469,0.513,0.455,0.490,0.521,0.466,0.516,0.355,0.316,0.428,0.384,0.341,0.398,0.420,0.527,0.524,0.518,0.326,0.388,0.471,0.360,0.375,0.465,0.492,0.457,0.416,0.327,0.342,0.371,0.455,0.411,0.543,0.485,0.486,0.495,0.468,0.460,0.291,0.338,0.350,0.427,0.386,0.420,0.423,0.479,0.480,0.465,0.379,0.132,0.394,0.409,0.287,0.308,0.303,0.323,0.293,0.309,0.095,0.112,0.334,0.333,0.354,0.307,0.319,0.344,0.358,0.353,0.093,0.421,0.464,0.414,0.532,0.421,0.437,0.456,0.380,0.370,0.276,0.317,0.440,0.480,0.453,0.567,0.623,0.385,0.443,0.418,0.306,0.346,0.404,0.377,0.383,0.469,0.478,0.506,0.393,0.426,0.300,0.321,0.397,0.457,0.412,0.408,0.420,0.470,0.477,0.499,0.374,0.367,0.472,0.489,0.445,0.459,0.482,0.193,0.211,0.205,0.199,0.251,0.286,0.470,0.442,0.512,0.495,0.543,0.568,0.410,0.389,0.359,0.418,0.423,0.458,0.448,0.488,0.474,0.507,0.498,0.346,0.130,0.113,0.109,0.113,0.105,0.106,0.106,0.108,0.099,0.099,0.156,0.136,0.131,0.134,0.124,0.121,0.119,0.110,0.107,0.106
01 07:04:06,0.000,0.113,0.220,0.244,0.231,0.226,0.224,0.220,0.374,0.361,0.094,0.394,0.413,0.460,0.469,0.341,0.355,0.360,0.308,0.274,0.265,0.298,0.379,0.437,0.352,0.450,0.421,0.478,0.497,0.495,0.276,0.298,0.437,0.269,0.277,0.295,0.298,0.296,0.286,0.435,0.264,0.315,0.407,0.463,0.495,0.449,0.484,0.517,0.462,0.514,0.348,0.321,0.435,0.383,0.353,0.398,0.428,0.521,0.524,0.520,0.314,0.344,0.468,0.379,0.377,0.451,0.487,0.477,0.425,0.347,0.351,0.380,0.466,0.393,0.550,0.500,0.488,0.492,0.465,0.459,0.302,0.329,0.355,0.425,0.391,0.420,0.428,0.482,0.485,0.482,0.383,0.147,0.400,0.406,0.306,0.330,0.317,0.307,0.297,0.304,0.098,0.122,0.344,0.329,0.356,0.290,0.320,0.305,0.342,0.357,0.097,0.404,0.469,0.428,0.533,0.418,0.434,0.457,0.376,0.362,0.279,0.319,0.438,0.475,0.446,0.564,0.628,0.369,0.435,0.418,0.295,0.348,0.403,0.382,0.404,0.465,0.475,0.501,0.401,0.425,0.297,0.335,0.380,0.441,0.413,0.403,0.418,0.479,0.485,0.510,0.370,0.379,0.478,0.500,0.459,0.468,0.489,0.197,0.199,0.190,0.207,0.259,0.288,0.477,0.432,0.497,0.494,0.545,0.562,0.383,0.385,0.371,0.421,0.430,0.461,0.453,0.499,0.479,0.515,0.500,0.335,0.145,0.123,0.119,0.121,0.113,0.115,0.115,0.121,0.104,0.105,0.179,0.152,0.146,0.154,0.135,0.131,0.128,0.119,0.118,0.112
01 07:34:07,0.000,0.106,0.211,0.238,0.223,0.205,0.215,0.210,0.381,0.352,0.092,0.390,0.403,0.452,0.454,0.335,0.349,0.355,0.307,0.270,0.256,0.299,0.381,0.439,0.354,0.412,0.425,0.474,0.491,0.490,0.265,0.284,0.430,0.265,0.275,0.293,0.301,0.297,0.290,0.427,0.253,0.298,0.399,0.468,0.506,0.447,0.486,0.517,0.461,0.509,0.343,0.328,0.423,0.376,0.342,0.394,0.427,0.526,0.519,0.516,0.297,0.323,0.463,0.372,0.363,0.465,0.474,0.490,0.423,0.356,0.349,0.376,0.479,0.404,0.557,0.489,0.477,0.491,0.469,0.454,0.289,0.326,0.344,0.422,0.391,0.417,0.421,0.482,0.483,0.484,0.379,0.132,0.393,0.406,0.292,0.302,0.304,0.306,0.301,0.313,0.096,0.113,0.323,0.336,0.332,0.291,0.323,0.309,0.369,0.358,0.093,0.415,0.467,0.447,0.527,0.410,0.430,0.448,0.369,0.353,0.270,0.313,0.431,0.475,0.448,0.556,0.620,0.367,0.476,0.419,0.297,0.330,0.391,0.355,0.383,0.456,0.453,0.480,0.411,0.416,0.306,0.331,0.372,0.429,0.419,0.405,0.412,0.472,0.482,0.505,0.365,0.377,0.476,0.506,0.454,0.461,0.479,0.197,0.204,0.185,0.203,0.255,0.279,0.469,0.435,0.492,0.489,0.546,0.565,0.375,0.392,0.364,0.416,0.428,0.453,0.442,0.492,0.473,0.511,0.497,0.329,0.128,0.113,0.110,0.114,0.105,0.106,0.106,0.109,0.099,0.100,0.160,0.140,0.133,0.137,0.126,0.123,0.121,0.112,0.110,0.107
01 08:04:07,0.000,0.107,0.207,0.231,0.221,0.210,0.212,0.209,0.383,0.327,0.092,0.387,0.402,0.449,0.455,0.332,0.341,0.344,0.296,0.263,0.247,0.304,0.400,0.444,0.355,0.425,0.425,0.480,0.492,0.489,0.263,0.287,0.426,0.267,0.280,0.301,0.313,0.305,0.298,0.423,0.255,0.305,0.403,0.476,0.496,0.447,0.489,0.522,0.464,0.507,0.339,0.318,0.415,0.374,0.336,0.403,0.430,0.541,0.522,0.515,0.287,0.334,0.465,0.378,0.373,0.467,0.475,0.474,0.435,0.346,0.360,0.432,0.484,0.410,0.580,0.489,0.477,0.502,0.461,0.453,0.287,0.330,0.340,0.418,0.387,0.414,0.421,0.481,0.484,0.481,0.376,0.132,0.388,0.404,0.289,0.295,0.305,0.307,0.301,0.316,0.095,0.112,0.319,0.326,0.331,0.291,0.318,0.314,0.367,0.370,0.092,0.419,0.474,0.454,0.528,0.413,0.433,0.451,0.367,0.349,0.274,0.310,0.427,0.472,0.444,0.572,0.632,0.369,0.430,0.421,0.302,0.334,0.394,0.358,0.376,0.440,0.457,0.475,0.419,0.428,0.311,0.333,0.377,0.424,0.429,0.407,0.411,0.478,0.489,0.522,0.361,0.383,0.484,0.523,0.459,0.465,0.482,0.205,0.207,0.195,0.196,0.253,0.276,0.487,0.450,0.485,0.496,0.544,0.573,0.383,0.398,0.384,0.419,0.429,0.463,0.446,0.503,0.478,0.520,0.506,0.328,0.133,0.114,0.110,0.114,0.105,0.106,0.106,0.109,0.099,0.099,0.161,0.140,0.133,0.139,0.127,0.123,0.121,0.111,0.110,0.107
